Workbook

Sheet Resumo
A1: Bateria de formulações recalculadas
A2: Execução em memória com o motor atual, sem alterar as formulações persistidas. Ca:P preferencial: 2,0–2,5:1; faixa aceitável: 1,5–3,0:1.
A4: Formulações | D4: 100% concentrado | G4: Mistas | J4: Cenários com sucesso (contando mista fixa e otimizada)
A5: =COUNTA(Auditoria!A2:A74) -> 73 | D5: =COUNTIF(Auditoria!C2:C74,"CONCENTRADO") -> 54 | G5: =COUNTIF(Auditoria!C2:C74,"MISTA") -> 18 | J5: =COUNTIF('Dados Cenarios'!E2:E95,"SIM") -> 94
A8: Leitura do relatório: as três abas seguintes reproduzem o padrão da referência visual. MN (100 kg) é normalizada para fechar exatamente 100 kg de matéria natural, e MN (300 kg) é o triplo exato. Os casos inviáveis continuam listados com a causa.
A12: Cenário | B12: Execuções | C12: Sucessos | D12: Erros
A13: 100% concentrado | B13: =COUNTIF('Dados Cenarios'!D2:D95,"100% concentrado") -> 56 | C13: =COUNTIFS('Dados Cenarios'!D2:D95,"100% concentrado",'Dados Cenarios'!E2:E95,"SIM") -> 56 | D13: =B13-C13 -> 0
A14: Mistas 50% | B14: =COUNTIF('Dados Cenarios'!D2:D95,"Mista - 50% volumoso fixo") -> 19 | C14: =COUNTIFS('Dados Cenarios'!D2:D95,"Mista - 50% volumoso fixo",'Dados Cenarios'!E2:E95,"SIM") -> 19 | D14: =B14-C14 -> 0
A15: Mistas otimizadas | B15: =COUNTIF('Dados Cenarios'!D2:D95,"Mista - geração otimizada") -> 19 | C15: =COUNTIFS('Dados Cenarios'!D2:D95,"Mista - geração otimizada",'Dados Cenarios'!E2:E95,"SIM") -> 19 | D15: =B15-C15 -> 0
A18: Regras da execução
A19: 100% concentrado | B19: Alvo rígido de 0% de volumoso
A20: Mistas 50% | B20: Alvo rígido de 50% de volumoso
A21: Mistas otimizadas | B21: Busca automática do percentual estruturalmente viável
A22: Participações travadas | B22: Preservadas em todos os cenários
A23: Critério | B23: Objetivo EQUILIBRADO do motor atual
A26: Conteúdo das abas
A27: 100% Concentrado | B27: Blocos completos de todas as formulações exclusivamente concentradas.
A28: Mistas 50% | B28: Mesmas misturas recalculadas com 50% de volumoso fixo.
A29: Mistas Otimizadas | B29: Mesmas misturas sem alvo fixo de volumoso.
A30: Comparativo Mistas | B30: Diferenças de PB, NDT, FDN, Ca:P e número de desvios.
A31: Dados Cenarios | B31: Tabela plana de resultados para filtros e análise.
A32: Dados Ingredientes | B32: Participações, matéria natural, composição e contribuições auditáveis.
A33: Exigencias | B33: Operadores e limites nutricionais vigentes por formulação.
A34: Auditoria | B34: Metadados e causas de cenários não calculados.

Sheet 100% Concentrado
A1: Formulações 100% concentrado
A3: 11. Formulação ID 33: 1_id4
A4: Categoria: Cordeiros(as) 4 meses | Fase: Crescimento | PV: 20 kg | GMD: 0.2 kg/dia | CMS: 0.594 kg/dia | NRC ID: 1696 | Travas: 0
A5: Tipo | B5: Ingrediente | C5: % MS | D5: MS ing. (%) | E5: MN (100 kg) | F5: MN (300 kg) | G5: Origem
A6: Energético | B6: Trigo Farelo | C6: 9.12 | D6: 88.05 | E6: =IF(D6>0,(C6/D6)/SUMPRODUCT($C$6:$C$9/$D$6:$D$9)*100,"") -> 9.1316218 | F6: =IF(E6<>"",E6*3,"") -> 27.394865 | G6: Calculada
A7: Energético | B7: Milho Grão | C7: 66.26 | D7: 87.78 | E7: =IF(D7>0,(C7/D7)/SUMPRODUCT($C$6:$C$9/$D$6:$D$9)*100,"") -> 66.548503 | F7: =IF(E7<>"",E7*3,"") -> 199.64551 | G7: Calculada
A8: Proteico | B8: Soja Farelo | C8: 22.76 | D8: 88.48 | E8: =IF(D8>0,(C8/D8)/SUMPRODUCT($C$6:$C$9/$D$6:$D$9)*100,"") -> 22.678252 | F8: =IF(E8<>"",E8*3,"") -> 68.034757 | G8: Calculada
A9: Mineral | B9: Calcário calcítico | C9: 1.86 | D9: 99.89 | E9: =IF(D9>0,(C9/D9)/SUMPRODUCT($C$6:$C$9/$D$6:$D$9)*100,"") -> 1.6416228 | F9: =IF(E9<>"",E9*3,"") -> 4.9248683 | G9: Calculada
A10: TOTAL | C10: =SUM(C6:C9) -> 100 | E10: =SUM(E6:E9) -> 100 | F10: =SUM(F6:F9) -> 300
A11: PB (%) | B11: 18.68878 | C11: NDT (%) | D11: 81.884746 | E11: FDN (%) | F11: 17.042178
A12: Ca (%) | B12: 0.807024 | C12: P (%) | D12: 0.382208 | E12: Ca:P | F12: 2.1114786
A13: EE (%) | B13: 3.494464 | C13: Vol. (%) | D13: 0 | E13: Desvios | F13: 2
A14: Composição bromatológica: PB 18.69% | NDT 81.88% | FDN 17.04% | EE 3.49% | Ca 0.81% | P 0.38% | Ca:P 2.11:1 | Relação Ca:P: PREFERENCIAL
A15: Avaliação: FDN deficit (43.2%); P deficit (9.2%) | Motor: convergiu
A17: 12. Formulação ID 34: 2_id4
A18: Categoria: Cordeiros(as) 4 meses | Fase: Crescimento | PV: 20 kg | GMD: 0.2 kg/dia | CMS: 0.594 kg/dia | NRC ID: 1696 | Travas: 0
A19: Tipo | B19: Ingrediente | C19: % MS | D19: MS ing. (%) | E19: MN (100 kg) | F19: MN (300 kg) | G19: Origem
A20: Energético | B20: Milho Grão | C20: 40.27 | D20: 87.78 | E20: =IF(D20>0,(C20/D20)/SUMPRODUCT($C$20:$C$23/$D$20:$D$23)*100,"") -> 40.900429 | F20: =IF(E20<>"",E20*3,"") -> 122.70129 | G20: Calculada
A21: Energético | B21: Aveia Grão | C21: 38.47 | D21: 90.57 | E21: =IF(D21>0,(C21/D21)/SUMPRODUCT($C$20:$C$23/$D$20:$D$23)*100,"") -> 37.868633 | F21: =IF(E21<>"",E21*3,"") -> 113.6059 | G21: Calculada
A22: Proteico | B22: Soja Farelo | C22: 19.6 | D22: 88.48 | E22: =IF(D22>0,(C22/D22)/SUMPRODUCT($C$20:$C$23/$D$20:$D$23)*100,"") -> 19.749348 | F22: =IF(E22<>"",E22*3,"") -> 59.248045 | G22: Calculada
A23: Mineral | B23: Calcário calcítico | C23: 1.66 | D23: 99.89 | E23: =IF(D23>0,(C23/D23)/SUMPRODUCT($C$20:$C$23/$D$20:$D$23)*100,"") -> 1.4815895 | F23: =IF(E23<>"",E23*3,"") -> 4.4447684 | G23: Calculada
A24: TOTAL | C24: =SUM(C20:C23) -> 100 | E24: =SUM(E20:E23) -> 100 | F24: =SUM(F20:F23) -> 300
A25: PB (%) | B25: 18.688117 | C25: NDT (%) | D25: 79.412189 | E25: FDN (%) | F25: 19.459716
A26: Ca (%) | B26: 0.746782 | C26: P (%) | D26: 0.347206 | E26: Ca:P | F26: 2.1508326
A27: EE (%) | B27: 3.999797 | C27: Vol. (%) | D27: 0 | E27: Desvios | F27: 2
A28: Composição bromatológica: PB 18.69% | NDT 79.41% | FDN 19.46% | EE 4.00% | Ca 0.75% | P 0.35% | Ca:P 2.15:1 | Relação Ca:P: PREFERENCIAL
A29: Avaliação: FDN deficit (35.1%); P deficit (17.5%) | Motor: convergiu
A31: 13. Formulação ID 35: 6_id6
A32: Categoria: Cordeiros(as) 4 meses | Fase: Crescimento | PV: 20 kg | GMD: 0.3 kg/dia | CMS: 0.608 kg/dia | NRC ID: 1697 | Travas: 0
A33: Tipo | B33: Ingrediente | C33: % MS | D33: MS ing. (%) | E33: MN (100 kg) | F33: MN (300 kg) | G33: Origem
A34: Energético | B34: Trigo Farelo | C34: 20.13 | D34: 88.05 | E34: =IF(D34>0,(C34/D34)/SUMPRODUCT($C$34:$C$37/$D$34:$D$37)*100,"") -> 20.19301 | F34: =IF(E34<>"",E34*3,"") -> 60.57903 | G34: Calculada
A35: Energético | B35: Milho Grão | C35: 42.68 | D35: 87.78 | E35: =IF(D35>0,(C35/D35)/SUMPRODUCT($C$34:$C$37/$D$34:$D$37)*100,"") -> 42.945284 | F35: =IF(E35<>"",E35*3,"") -> 128.83585 | G35: Calculada
A36: Proteico | B36: Soja Farelo | C36: 34.88 | D36: 88.48 | E36: =IF(D36>0,(C36/D36)/SUMPRODUCT($C$34:$C$37/$D$34:$D$37)*100,"") -> 34.819137 | F36: =IF(E36<>"",E36*3,"") -> 104.45741 | G36: Calculada
A37: Mineral | B37: Calcário calcítico | C37: 2.31 | D37: 99.89 | E37: =IF(D37>0,(C37/D37)/SUMPRODUCT($C$34:$C$37/$D$34:$D$37)*100,"") -> 2.0425684 | F37: =IF(E37<>"",E37*3,"") -> 6.1277053 | G37: Calculada
A38: TOTAL | C38: =SUM(C34:C37) -> 100 | E38: =SUM(E34:E37) -> 100 | F38: =SUM(F34:F37) -> 300
A39: PB (%) | B39: 24.337624 | C39: NDT (%) | D39: 79.238983 | E39: FDN (%) | F39: 20.351856
A40: Ca (%) | B40: 1.02894 | C40: P (%) | D40: 0.496982 | E40: Ca:P | F40: 2.0703768
A41: EE (%) | B41: 3.115078 | C41: Vol. (%) | D41: 0 | E41: Desvios | F41: 2
A42: Composição bromatológica: PB 24.34% | NDT 79.24% | FDN 20.35% | EE 3.12% | Ca 1.03% | P 0.50% | Ca:P 2.07:1 | Relação Ca:P: PREFERENCIAL
A43: Avaliação: FDN deficit (32.2%); P deficit (13.7%) | Motor: convergiu
A45: 14. Formulação ID 36: 7_id6
A46: Categoria: Cordeiros(as) 4 meses | Fase: Crescimento | PV: 20 kg | GMD: 0.3 kg/dia | CMS: 0.608 kg/dia | NRC ID: 1697 | Travas: 0
A47: Tipo | B47: Ingrediente | C47: % MS | D47: MS ing. (%) | E47: MN (100 kg) | F47: MN (300 kg) | G47: Origem
A48: Energético | B48: Milho Grão | C48: 34.36 | D48: 87.78 | E48: =IF(D48>0,(C48/D48)/SUMPRODUCT($C$48:$C$51/$D$48:$D$51)*100,"") -> 34.850651 | F48: =IF(E48<>"",E48*3,"") -> 104.55195 | G48: Calculada
A49: Energético | B49: Aveia Grão | C49: 28.22 | D49: 90.57 | E49: =IF(D49>0,(C49/D49)/SUMPRODUCT($C$48:$C$51/$D$48:$D$51)*100,"") -> 27.741246 | F49: =IF(E49<>"",E49*3,"") -> 83.223737 | G49: Calculada
A50: Proteico | B50: Soja Farelo | C50: 35.28 | D50: 88.48 | E50: =IF(D50>0,(C50/D50)/SUMPRODUCT($C$48:$C$51/$D$48:$D$51)*100,"") -> 35.500689 | F50: =IF(E50<>"",E50*3,"") -> 106.50207 | G50: Calculada
A51: Mineral | B51: Calcário calcítico | C51: 2.14 | D51: 99.89 | E51: =IF(D51>0,(C51/D51)/SUMPRODUCT($C$48:$C$51/$D$48:$D$51)*100,"") -> 1.9074145 | F51: =IF(E51<>"",E51*3,"") -> 5.7222435 | G51: Calculada
A52: TOTAL | C52: =SUM(C48:C51) -> 100 | E52: =SUM(E48:E51) -> 100 | F52: =SUM(F48:F51) -> 300
A53: PB (%) | B53: 24.33935 | C53: NDT (%) | D53: 79.27418 | E53: FDN (%) | F53: 18.181058
A54: Ca (%) | B54: 0.962708 | C54: P (%) | D54: 0.38598 | E54: Ca:P | F54: 2.4941914
A55: EE (%) | B55: 3.501334 | C55: Vol. (%) | D55: 0 | E55: Desvios | F55: 2
A56: Composição bromatológica: PB 24.34% | NDT 79.27% | FDN 18.18% | EE 3.50% | Ca 0.96% | P 0.39% | Ca:P 2.49:1 | Relação Ca:P: PREFERENCIAL
A57: Avaliação: FDN deficit (39.4%); P deficit (32.9%) | Motor: convergiu
A59: 15. Formulação ID 37: 10_id8
A60: Categoria: Cordeiros(as) 4 meses | Fase: Crescimento | PV: 30 kg | GMD: 0.2 kg/dia | CMS: 1.053 kg/dia | NRC ID: 1698 | Travas: 0
A61: Tipo | B61: Ingrediente | C61: % MS | D61: MS ing. (%) | E61: MN (100 kg) | F61: MN (300 kg) | G61: Origem
A62: Energético | B62: Trigo Farelo | C62: 19.38 | D62: 88.05 | E62: =IF(D62>0,(C62/D62)/SUMPRODUCT($C$62:$C$65/$D$62:$D$65)*100,"") -> 19.386487 | F62: =IF(E62<>"",E62*3,"") -> 58.15946 | G62: Calculada
A63: Energético | B63: Milho Grão | C63: 73.66 | D63: 87.78 | E63: =IF(D63>0,(C63/D63)/SUMPRODUCT($C$62:$C$65/$D$62:$D$65)*100,"") -> 73.9113 | F63: =IF(E63<>"",E63*3,"") -> 221.7339 | G63: Calculada
A64: Proteico | B64: Soja Farelo | C64: 4.97 | D64: 88.48 | E64: =IF(D64>0,(C64/D64)/SUMPRODUCT($C$62:$C$65/$D$62:$D$65)*100,"") -> 4.947502 | F64: =IF(E64<>"",E64*3,"") -> 14.842506 | G64: Calculada
A65: Mineral | B65: Calcário calcítico | C65: 1.99 | D65: 99.89 | E65: =IF(D65>0,(C65/D65)/SUMPRODUCT($C$62:$C$65/$D$62:$D$65)*100,"") -> 1.7547117 | F65: =IF(E65<>"",E65*3,"") -> 5.264135 | G65: Calculada
A66: TOTAL | C66: =SUM(C62:C65) -> 100 | E66: =SUM(E62:E65) -> 100 | F66: =SUM(F62:F65) -> 300
A67: PB (%) | B67: 12.444288 | C67: NDT (%) | D67: 81.209609 | E67: FDN (%) | F67: 19.883011
A68: Ca (%) | B68: 0.818586 | C68: P (%) | D68: 0.396788 | E68: Ca:P | F68: 2.0630311
A69: EE (%) | B69: 3.859767 | C69: Vol. (%) | D69: 0 | E69: Desvios | F69: 1
A70: Composição bromatológica: PB 12.44% | NDT 81.21% | FDN 19.88% | EE 3.86% | Ca 0.82% | P 0.40% | Ca:P 2.06:1 | Relação Ca:P: PREFERENCIAL
A71: Avaliação: FDN deficit (33.7%) | Motor: convergiu
A73: 16. Formulação ID 38: 11_id8
A74: Categoria: Cordeiros(as) 4 meses | Fase: Crescimento | PV: 30 kg | GMD: 0.2 kg/dia | CMS: 1.053 kg/dia | NRC ID: 1698 | Travas: 0
A75: Tipo | B75: Ingrediente | C75: % MS | D75: MS ing. (%) | E75: MN (100 kg) | F75: MN (300 kg) | G75: Origem
A76: Energético | B76: Milho Grão | C76: 47.95 | D76: 87.78 | E76: =IF(D76>0,(C76/D76)/SUMPRODUCT($C$76:$C$79/$D$76:$D$79)*100,"") -> 48.766512 | F76: =IF(E76<>"",E76*3,"") -> 146.29954 | G76: Calculada
A77: Energético | B77: Aveia Grão | C77: 48.07 | D77: 90.57 | E77: =IF(D77>0,(C77/D77)/SUMPRODUCT($C$76:$C$79/$D$76:$D$79)*100,"") -> 47.382548 | F77: =IF(E77<>"",E77*3,"") -> 142.14764 | G77: Calculada
A78: Proteico | B78: Soja Farelo | C78: 2.55 | D78: 88.48 | E78: =IF(D78>0,(C78/D78)/SUMPRODUCT($C$76:$C$79/$D$76:$D$79)*100,"") -> 2.5729049 | F78: =IF(E78<>"",E78*3,"") -> 7.7187146 | G78: Calculada
A79: Mineral | B79: Calcário calcítico | C79: 1.43 | D79: 99.89 | E79: =IF(D79>0,(C79/D79)/SUMPRODUCT($C$76:$C$79/$D$76:$D$79)*100,"") -> 1.2780348 | F79: =IF(E79<>"",E79*3,"") -> 3.8341044 | G79: Calculada
A80: TOTAL | C80: =SUM(C76:C79) -> 100 | E80: =SUM(E76:E79) -> 100 | F80: =SUM(F76:F79) -> 300
A81: PB (%) | B81: 12.437577 | C81: NDT (%) | D81: 79.477868 | E81: FDN (%) | F81: 20.602523
A82: Ca (%) | B82: 0.619396 | C82: P (%) | D82: 0.302798 | E82: Ca:P | F82: 2.0455749
A83: EE (%) | B83: 4.514926 | C83: Vol. (%) | D83: 0 | E83: Desvios | F83: 1
A84: Composição bromatológica: PB 12.44% | NDT 79.48% | FDN 20.60% | EE 4.51% | Ca 0.62% | P 0.30% | Ca:P 2.05:1 | Relação Ca:P: PREFERENCIAL
A85: Avaliação: FDN deficit (31.3%) | Motor: convergiu
A87: 17. Formulação ID 39: 15_id11
A88: Categoria: Cordeiros(as) 4 meses | Fase: Crescimento | PV: 30 kg | GMD: 0.25 kg/dia | CMS: 1.074 kg/dia | NRC ID: 1699 | Travas: 0
A89: Tipo | B89: Ingrediente | C89: % MS | D89: MS ing. (%) | E89: MN (100 kg) | F89: MN (300 kg) | G89: Origem
A90: Energético | B90: Trigo Farelo | C90: 27.04 | D90: 88.05 | E90: =IF(D90>0,(C90/D90)/SUMPRODUCT($C$90:$C$93/$D$90:$D$93)*100,"") -> 27.068684 | F90: =IF(E90<>"",E90*3,"") -> 81.206052 | G90: Calculada
A91: Energético | B91: Milho Grão | C91: 63.27 | D91: 87.78 | E91: =IF(D91>0,(C91/D91)/SUMPRODUCT($C$90:$C$93/$D$90:$D$93)*100,"") -> 63.531933 | F91: =IF(E91<>"",E91*3,"") -> 190.5958 | G91: Calculada
A92: Proteico | B92: Soja Farelo | C92: 7.46 | D92: 88.48 | E92: =IF(D92>0,(C92/D92)/SUMPRODUCT($C$90:$C$93/$D$90:$D$93)*100,"") -> 7.4316205 | F92: =IF(E92<>"",E92*3,"") -> 22.294862 | G92: Calculada
A93: Mineral | B93: Calcário calcítico | C93: 2.23 | D93: 99.89 | E93: =IF(D93>0,(C93/D93)/SUMPRODUCT($C$90:$C$93/$D$90:$D$93)*100,"") -> 1.9677624 | F93: =IF(E93<>"",E93*3,"") -> 5.9032873 | G93: Calculada
A94: TOTAL | C94: =SUM(C90:C93) -> 100 | E94: =SUM(E90:E93) -> 100 | F94: =SUM(F90:F93) -> 300
A95: PB (%) | B95: 14.024314 | C95: NDT (%) | D95: 79.746679 | E95: FDN (%) | F95: 22.137939
A96: Ca (%) | B96: 0.92788 | C96: P (%) | D96: 0.4578 | E96: Ca:P | F96: 2.0268239
A97: EE (%) | B97: 3.743268 | C97: Vol. (%) | D97: 0 | E97: Desvios | F97: 1
A98: Composição bromatológica: PB 14.02% | NDT 79.75% | FDN 22.14% | EE 3.74% | Ca 0.93% | P 0.46% | Ca:P 2.03:1 | Relação Ca:P: PREFERENCIAL
A99: Avaliação: FDN deficit (26.2%) | Motor: convergiu
A101: 18. Formulação ID 43: 16_id11
A102: Categoria: Cordeiros(as) 4 meses | Fase: Crescimento | PV: 30 kg | GMD: 0.25 kg/dia | CMS: 1.074 kg/dia | NRC ID: 1699 | Travas: 0
A103: Tipo | B103: Ingrediente | C103: % MS | D103: MS ing. (%) | E103: MN (100 kg) | F103: MN (300 kg) | G103: Origem
A104: Energético | B104: Milho Grão | C104: 49.2 | D104: 87.78 | E104: =IF(D104>0,(C104/D104)/SUMPRODUCT($C$104:$C$107/$D$104:$D$107)*100,"") -> 49.969387 | F104: =IF(E104<>"",E104*3,"") -> 149.90816 | G104: Calculada
A105: Energético | B105: Aveia Grão | C105: 41.83 | D105: 90.57 | E105: =IF(D105>0,(C105/D105)/SUMPRODUCT($C$104:$C$107/$D$104:$D$107)*100,"") -> 41.175415 | F105: =IF(E105<>"",E105*3,"") -> 123.52625 | G105: Calculada
A106: Proteico | B106: Soja Farelo | C106: 7.38 | D106: 88.48 | E106: =IF(D106>0,(C106/D106)/SUMPRODUCT($C$104:$C$107/$D$104:$D$107)*100,"") -> 7.4361089 | F106: =IF(E106<>"",E106*3,"") -> 22.308327 | G106: Calculada
A107: Mineral | B107: Calcário calcítico | C107: 1.59 | D107: 99.89 | E107: =IF(D107>0,(C107/D107)/SUMPRODUCT($C$104:$C$107/$D$104:$D$107)*100,"") -> 1.4190889 | F107: =IF(E107<>"",E107*3,"") -> 4.2572667 | G107: Calculada
A108: TOTAL | C108: =SUM(C104:C107) -> 100 | E108: =SUM(E104:E107) -> 100 | F108: =SUM(F104:F107) -> 300
...

Sheet Mistas fixo
A1: Misturas volumoso/concentrado - fixo
A2: 6. Formulação ID 14: teste reuniao
A3: Categoria: Ovelhas | Fase: Início da lactação | PV: 20 kg | GMD: 0.2 kg/dia | CMS: 0.594 kg/dia | NRC ID: 1696 | Travas: 1
A4: Tipo | B4: Ingrediente | C4: % MS | D4: MS ing. (%) | E4: MN (100 kg) | F4: MN (300 kg) | G4: Origem
A5: Silagens | B5: Milho, Silagem | C5: 40 | D5: 31.59 | E5: =IF(D5>0,(C5/D5)/SUMPRODUCT($C$5:$C$10/$D$5:$D$10)*100,"") -> 56.811373 | F5: =IF(E5<>"",E5*3,"") -> 170.43412 | G5: Calculada
A6: Energético | B6: Milho Grão | C6: 31.924458 | D6: 87.78 | E6: =IF(D6>0,(C6/D6)/SUMPRODUCT($C$5:$C$10/$D$5:$D$10)*100,"") -> 16.317472 | F6: =IF(E6<>"",E6*3,"") -> 48.952416 | G6: Calculada
A7: Proteico | B7: Soja Farelo | C7: 16.297668 | D7: 88.48 | E7: =IF(D7>0,(C7/D7)/SUMPRODUCT($C$5:$C$10/$D$5:$D$10)*100,"") -> 8.2642849 | F7: =IF(E7<>"",E7*3,"") -> 24.792855 | G7: Calculada
A8: Proteico | B8: Uréia | C8: 1 | D8: 99 | E8: =IF(D8>0,(C8/D8)/SUMPRODUCT($C$5:$C$10/$D$5:$D$10)*100,"") -> 0.45319982 | F8: =IF(E8<>"",E8*3,"") -> 1.3595995 | G8: Calculada
A9: Mineral | B9: Calcário calcítico | C9: 0.77787411 | D9: 99.89 | E9: =IF(D9>0,(C9/D9)/SUMPRODUCT($C$5:$C$10/$D$5:$D$10)*100,"") -> 0.34939141 | F9: =IF(E9<>"",E9*3,"") -> 1.0481742 | G9: Calculada
A10: Forragens Verdes | B10: Alfafa | C10: 10 | D10: 25.2 | E10: =IF(D10>0,(C10/D10)/SUMPRODUCT($C$5:$C$10/$D$5:$D$10)*100,"") -> 17.804279 | F10: =IF(E10<>"",E10*3,"") -> 53.412836 | G10: Travada
A11: TOTAL | C11: =SUM(C5:C10) -> 100 | E11: =SUM(E5:E10) -> 100 | F11: =SUM(F5:F10) -> 300
A12: PB (%) | B12: 18.676869 | C12: NDT (%) | D12: 72.933718 | E12: FDN (%) | F12: 32.955881
A13: Ca (%) | B13: 0.62289562 | C13: P (%) | D13: 0.27578564 | E13: Ca:P | F13: 2.2586224
A14: EE (%) | B14: 3.2416515 | C14: Vol. (%) | D14: 50 | E14: Desvios | F14: 1
A15: Composição bromatológica: PB 18.68% | NDT 72.93% | FDN 32.96% | EE 3.24% | Ca 0.62% | P 0.28% | Ca:P 2.26:1 | Relação Ca:P: PREFERENCIAL
A16: Avaliação: P deficit (34.5%) | Motor: convergiu
A18: 7. Formulação ID 17: teste 2
A19: Categoria: Cordeiros(as) 4 meses | Fase: Crescimento | PV: 20 kg | GMD: 0.2 kg/dia | CMS: 0.594 kg/dia | NRC ID: 1696 | Travas: 3
A20: Tipo | B20: Ingrediente | C20: % MS | D20: MS ing. (%) | E20: MN (100 kg) | F20: MN (300 kg) | G20: Origem
A21: Silagens | B21: Milho, Silagem | C21: 50 | D21: 31.59 | E21: =IF(D21>0,(C21/D21)/SUMPRODUCT($C$21:$C$25/$D$21:$D$25)*100,"") -> 73.693218 | F21: =IF(E21<>"",E21*3,"") -> 221.07965 | G21: Calculada
A22: Energético | B22: Milho Grão | C22: 28.01 | D22: 87.78 | E22: =IF(D22>0,(C22/D22)/SUMPRODUCT($C$21:$C$25/$D$21:$D$25)*100,"") -> 14.856779 | F22: =IF(E22<>"",E22*3,"") -> 44.570338 | G22: Travada
A23: Proteico | B23: Soja Farelo | C23: 19.9 | D23: 88.48 | E23: =IF(D23>0,(C23/D23)/SUMPRODUCT($C$21:$C$25/$D$21:$D$25)*100,"") -> 10.47165 | F23: =IF(E23<>"",E23*3,"") -> 31.414949 | G23: Travada
A24: Proteico | B24: Uréia | C24: 1 | D24: 99 | E24: =IF(D24>0,(C24/D24)/SUMPRODUCT($C$21:$C$25/$D$21:$D$25)*100,"") -> 0.47029672 | F24: =IF(E24<>"",E24*3,"") -> 1.4108902 | G24: Calculada
A25: Mineral | B25: Calcário calcítico | C25: 1.09 | D25: 99.89 | E25: =IF(D25>0,(C25/D25)/SUMPRODUCT($C$21:$C$25/$D$21:$D$25)*100,"") -> 0.50805605 | F25: =IF(E25<>"",E25*3,"") -> 1.5241682 | G25: Travada
A26: TOTAL | C26: =SUM(C21:C25) -> 100 | E26: =SUM(E21:E25) -> 100 | F26: =SUM(F21:F25) -> 300
A27: PB (%) | B27: 18.68715 | C27: NDT (%) | D27: 71.727273 | E27: FDN (%) | F27: 34.724269
A28: Ca (%) | B28: 0.631188 | C28: P (%) | D28: 0.278564 | E28: Ca:P | F28: 2.2658635
A29: EE (%) | B29: 3.084068 | C29: Vol. (%) | D29: 50 | E29: Desvios | F29: 1
A30: Composição bromatológica: PB 18.69% | NDT 71.73% | FDN 34.72% | EE 3.08% | Ca 0.63% | P 0.28% | Ca:P 2.27:1 | Relação Ca:P: PREFERENCIAL
A31: Avaliação: P deficit (33.8%) | Motor: convergiu
A33: 10. Formulação ID 28: teste 5
A34: Categoria: Cordeiros(as) 4 meses | Fase: Crescimento | PV: 20 kg | GMD: 0.2 kg/dia | CMS: 0.594 kg/dia | NRC ID: 1696 | Travas: 0
A35: Tipo | B35: Ingrediente | C35: % MS | D35: MS ing. (%) | E35: MN (100 kg) | F35: MN (300 kg) | G35: Origem
A36: Silagens | B36: Milho, Silagem | C36: 50 | D36: 31.59 | E36: =IF(D36>0,(C36/D36)/SUMPRODUCT($C$36:$C$42/$D$36:$D$42)*100,"") -> 73.670986 | F36: =IF(E36<>"",E36*3,"") -> 221.01296 | G36: Calculada
A37: Energético | B37: Milho Grão | C37: 5.2645851 | D37: 87.78 | E37: =IF(D37>0,(C37/D37)/SUMPRODUCT($C$36:$C$42/$D$36:$D$42)*100,"") -> 2.7915453 | F37: =IF(E37<>"",E37*3,"") -> 8.3746359 | G37: Calculada
A38: Proteico | B38: Soja Farelo | C38: 20.036019 | D38: 88.48 | E38: =IF(D38>0,(C38/D38)/SUMPRODUCT($C$36:$C$42/$D$36:$D$42)*100,"") -> 10.540044 | F38: =IF(E38<>"",E38*3,"") -> 31.620133 | G38: Calculada
A39: Proteico | B39: DDGS30 | C39: 7.82095 | D39: 86 | E39: =IF(D39>0,(C39/D39)/SUMPRODUCT($C$36:$C$42/$D$36:$D$42)*100,"") -> 4.2328918 | F39: =IF(E39<>"",E39*3,"") -> 12.698675 | G39: Calculada
A40: Energético | B40: Trigo Farelo | C40: 14.292894 | D40: 88.05 | E40: =IF(D40>0,(C40/D40)/SUMPRODUCT($C$36:$C$42/$D$36:$D$42)*100,"") -> 7.5555645 | F40: =IF(E40<>"",E40*3,"") -> 22.666694 | G40: Calculada
A41: Mineral | B41: Calcário calcítico | C41: 1.5855516 | D41: 99.89 | E41: =IF(D41>0,(C41/D41)/SUMPRODUCT($C$36:$C$42/$D$36:$D$42)*100,"") -> 0.73881292 | F41: =IF(E41<>"",E41*3,"") -> 2.2164388 | G41: Calculada
A42: Mineral | B42: Sal Branco | C42: 1 | D42: 99 | E42: =IF(D42>0,(C42/D42)/SUMPRODUCT($C$36:$C$42/$D$36:$D$42)*100,"") -> 0.47015484 | F42: =IF(E42<>"",E42*3,"") -> 1.4104645 | G42: Calculada
A43: TOTAL | C43: =SUM(C36:C42) -> 100 | E43: =SUM(E36:E42) -> 100 | F43: =SUM(F36:F42) -> 300
A44: PB (%) | B44: 18.676869 | C44: NDT (%) | D44: 69.506036 | E44: FDN (%) | F44: 40.390926
A45: Ca (%) | B45: 0.84175084 | C45: P (%) | D45: 0.42087542 | E45: Ca:P | F45: 2
A46: EE (%) | B46: 2.8820041 | C46: Vol. (%) | D46: 50 | E46: Desvios | F46: 0
A47: Composição bromatológica: PB 18.68% | NDT 69.51% | FDN 40.39% | EE 2.88% | Ca 0.84% | P 0.42% | Ca:P 2.00:1 | Relação Ca:P: ACEITAVEL
A48: Avaliação: Sem déficits ou excessos configurados. | Motor: convergiu
A50: 11. Formulação ID 29: teste 6
A51: Categoria: Cordeiros(as) 4 meses | Fase: Crescimento | PV: 20 kg | GMD: 0.15 kg/dia | CMS: 0.76 kg/dia | NRC ID: 1727 | Travas: 0
A52: Tipo | B52: Ingrediente | C52: % MS | D52: MS ing. (%) | E52: MN (100 kg) | F52: MN (300 kg) | G52: Origem
A53: Silagens | B53: Milho, Silagem | C53: 50 | D53: 31.59 | E53: =IF(D53>0,(C53/D53)/SUMPRODUCT($C$53:$C$59/$D$53:$D$59)*100,"") -> 73.652348 | F53: =IF(E53<>"",E53*3,"") -> 220.95704 | G53: Calculada
A54: Energético | B54: Milho Grão | C54: 19.248916 | D54: 87.78 | E54: =IF(D54>0,(C54/D54)/SUMPRODUCT($C$53:$C$59/$D$53:$D$59)*100,"") -> 10.204152 | F54: =IF(E54<>"",E54*3,"") -> 30.612456 | G54: Calculada
A55: Proteico | B55: Soja Farelo | C55: 4.5303436 | D55: 88.48 | E55: =IF(D55>0,(C55/D55)/SUMPRODUCT($C$53:$C$59/$D$53:$D$59)*100,"") -> 2.3826061 | F55: =IF(E55<>"",E55*3,"") -> 7.1478181 | G55: Calculada
A56: Proteico | B56: DDGS30 | C56: 4.5041301 | D56: 86 | E56: =IF(D56>0,(C56/D56)/SUMPRODUCT($C$53:$C$59/$D$53:$D$59)*100,"") -> 2.4371299 | F56: =IF(E56<>"",E56*3,"") -> 7.3113898 | G56: Calculada
A57: Energético | B57: Trigo Farelo | C57: 19.203333 | D57: 88.05 | E57: =IF(D57>0,(C57/D57)/SUMPRODUCT($C$53:$C$59/$D$53:$D$59)*100,"") -> 10.148771 | F57: =IF(E57<>"",E57*3,"") -> 30.446314 | G57: Calculada
A58: Mineral | B58: Calcário calcítico | C58: 1.513277 | D58: 99.89 | E58: =IF(D58>0,(C58/D58)/SUMPRODUCT($C$53:$C$59/$D$53:$D$59)*100,"") -> 0.70495699 | F58: =IF(E58<>"",E58*3,"") -> 2.114871 | G58: Calculada
A59: Mineral | B59: Sal Branco | C59: 1 | D59: 99 | E59: =IF(D59>0,(C59/D59)/SUMPRODUCT($C$53:$C$59/$D$53:$D$59)*100,"") -> 0.47003589 | F59: =IF(E59<>"",E59*3,"") -> 1.4101077 | G59: Calculada
A60: TOTAL | C60: =SUM(C53:C59) -> 100 | E60: =SUM(E53:E59) -> 100 | F60: =SUM(F53:F59) -> 300
A61: PB (%) | B61: 12.234497 | C61: NDT (%) | D61: 69.537484 | E61: FDN (%) | F61: 41.06091
A62: Ca (%) | B62: 0.77512256 | C62: P (%) | D62: 0.38756128 | E62: Ca:P | F62: 2
A63: EE (%) | B63: 3.2714889 | C63: Vol. (%) | D63: 50 | E63: Desvios | F63: 0
A64: Composição bromatológica: PB 12.23% | NDT 69.54% | FDN 41.06% | EE 3.27% | Ca 0.78% | P 0.39% | Ca:P 2.00:1 | Relação Ca:P: PREFERENCIAL
A65: Avaliação: Sem déficits ou excessos configurados. | Motor: convergiu
A67: 12. Formulação ID 30: teste 7
A68: Categoria: Cordeiros(as) 4 meses | Fase: Crescimento | PV: 20 kg | GMD: 0.2 kg/dia | CMS: 0.614 kg/dia | NRC ID: 1760 | Travas: 0
A69: Tipo | B69: Ingrediente | C69: % MS | D69: MS ing. (%) | E69: MN (100 kg) | F69: MN (300 kg) | G69: Origem
A70: Silagens | B70: Milho, Silagem | C70: 50 | D70: 31.59 | E70: =IF(D70>0,(C70/D70)/SUMPRODUCT($C$70:$C$76/$D$70:$D$76)*100,"") -> 73.671365 | F70: =IF(E70<>"",E70*3,"") -> 221.0141 | G70: Calculada
A71: Energético | B71: Milho Grão | C71: 7.9878019 | D71: 87.78 | E71: =IF(D71>0,(C71/D71)/SUMPRODUCT($C$70:$C$76/$D$70:$D$76)*100,"") -> 4.2355523 | F71: =IF(E71<>"",E71*3,"") -> 12.706657 | G71: Calculada
A72: Proteico | B72: Soja Farelo | C72: 19.128982 | D72: 88.48 | E72: =IF(D72>0,(C72/D72)/SUMPRODUCT($C$70:$C$76/$D$70:$D$76)*100,"") -> 10.062945 | F72: =IF(E72<>"",E72*3,"") -> 30.188834 | G72: Calculada
A73: Proteico | B73: DDGS30 | C73: 6.9368399 | D73: 86 | E73: =IF(D73>0,(C73/D73)/SUMPRODUCT($C$70:$C$76/$D$70:$D$76)*100,"") -> 3.7544088 | F73: =IF(E73<>"",E73*3,"") -> 11.263226 | G73: Calculada
A74: Energético | B74: Trigo Farelo | C74: 13.42256 | D74: 88.05 | E74: =IF(D74>0,(C74/D74)/SUMPRODUCT($C$70:$C$76/$D$70:$D$76)*100,"") -> 7.0955217 | F74: =IF(E74<>"",E74*3,"") -> 21.286565 | G74: Calculada
A75: Mineral | B75: Calcário calcítico | C75: 1.5238161 | D75: 99.89 | E75: =IF(D75>0,(C75/D75)/SUMPRODUCT($C$70:$C$76/$D$70:$D$76)*100,"") -> 0.7100499 | F75: =IF(E75<>"",E75*3,"") -> 2.1301497 | G75: Calculada
A76: Mineral | B76: Sal Branco | C76: 1 | D76: 99 | E76: =IF(D76>0,(C76/D76)/SUMPRODUCT($C$70:$C$76/$D$70:$D$76)*100,"") -> 0.47015726 | F76: =IF(E76<>"",E76*3,"") -> 1.4104718 | G76: Calculada
A77: TOTAL | C77: =SUM(C70:C76) -> 100 | E77: =SUM(E70:E76) -> 100 | F77: =SUM(F70:F76) -> 300
A78: PB (%) | B78: 18.068176 | C78: NDT (%) | D78: 69.699886 | E78: FDN (%) | F78: 39.962842
A79: Ca (%) | B79: 0.81433225 | C79: P (%) | D79: 0.40716612 | E79: Ca:P | F79: 2
A80: EE (%) | B80: 2.9222802 | C80: Vol. (%) | D80: 50 | E80: Desvios | F80: 0
A81: Composição bromatológica: PB 18.07% | NDT 69.70% | FDN 39.96% | EE 2.92% | Ca 0.81% | P 0.41% | Ca:P 2.00:1 | Relação Ca:P: ACEITAVEL
A82: Avaliação: Sem déficits ou excessos configurados. | Motor: convergiu
A84: 14. Formulação ID 32: teste 9
A85: Categoria: Cordeiros(as) 4 meses | Fase: Crescimento | PV: 50 kg | GMD: -0.034 kg/dia | CMS: 1.8799999999999997 kg/dia | NRC ID: 1921 | Travas: 0
A86: Tipo | B86: Ingrediente | C86: % MS | D86: MS ing. (%) | E86: MN (100 kg) | F86: MN (300 kg) | G86: Origem
A87: Silagens | B87: Milho, Silagem | C87: 50 | D87: 31.59 | E87: =IF(D87>0,(C87/D87)/SUMPRODUCT($C$87:$C$92/$D$87:$D$92)*100,"") -> 73.762247 | F87: =IF(E87<>"",E87*3,"") -> 221.28674 | G87: Calculada
A88: Proteico | B88: Soja Farelo | C88: 10.966078 | D88: 88.48 | E88: =IF(D88>0,(C88/D88)/SUMPRODUCT($C$87:$C$92/$D$87:$D$92)*100,"") -> 5.7759044 | F88: =IF(E88<>"",E88*3,"") -> 17.327713 | G88: Calculada
A89: Energético | B89: Trigo Farelo | C89: 35.794719 | D89: 88.05 | E89: =IF(D89>0,(C89/D89)/SUMPRODUCT($C$87:$C$92/$D$87:$D$92)*100,"") -> 18.945381 | F89: =IF(E89<>"",E89*3,"") -> 56.836144 | G89: Calculada
A90: Mineral | B90: Sal Branco | C90: 1 | D90: 99 | E90: =IF(D90>0,(C90/D90)/SUMPRODUCT($C$87:$C$92/$D$87:$D$92)*100,"") -> 0.47073725 | F90: =IF(E90<>"",E90*3,"") -> 1.4122117 | G90: Calculada
A91: Mineral | B91: Calcário calcítico | C91: 1.9900042 | D91: 99.89 | E91: =IF(D91>0,(C91/D91)/SUMPRODUCT($C$87:$C$92/$D$87:$D$92)*100,"") -> 0.92842268 | F91: =IF(E91<>"",E91*3,"") -> 2.785268 | G91: Calculada
A92: Proteico | B92: Uréia | C92: 0.24919881 | D92: 99 | E92: =IF(D92>0,(C92/D92)/SUMPRODUCT($C$87:$C$92/$D$87:$D$92)*100,"") -> 0.11730716 | F92: =IF(E92<>"",E92*3,"") -> 0.35192149 | G92: Calculada
A93: TOTAL | C93: =SUM(C87:C92) -> 100 | E93: =SUM(E87:E92) -> 100 | F93: =SUM(F87:F92) -> 300
A94: PB (%) | B94: 15.807872 | C94: NDT (%) | D94: 65.957447 | E94: FDN (%) | F94: 45.055845
A95: Ca (%) | B95: 0.9974646 | C95: P (%) | D95: 0.49775547 | E95: Ca:P | F95: 2.0039249
A96: EE (%) | B96: 3.0383573 | C96: Vol. (%) | D96: 50 | E96: Desvios | F96: 0
A97: Composição bromatológica: PB 15.81% | NDT 65.96% | FDN 45.06% | EE 3.04% | Ca 1.00% | P 0.50% | Ca:P 2.00:1 | Relação Ca:P: PREFERENCIAL
A98: Avaliação: Sem déficits ou excessos configurados. | Motor: convergiu
A100: 15. Formulação ID 84: atz75
A101: Categoria: Cordeiros(as) 4 meses | Fase: Crescimento | PV: 20 kg | GMD: 0.2 kg/dia | CMS: 0.594 kg/dia | NRC ID: 1696 | Travas: 0
A102: Tipo | B102: Ingrediente | C102: % MS | D102: MS ing. (%) | E102: MN (100 kg) | F102: MN (300 kg) | G102: Origem
A103: Silagens | B103: Milho, Silagem | C103: 50 | D103: 31.59 | E103: =IF(D103>0,(C103/D103)/SUMPRODUCT($C$103:$C$107/$D$103:$D$107)*100,"") -> 73.692081 | F103: =IF(E103<>"",E103*3,"") -> 221.07624 | G103: Calculada
A104: Energético | B104: Milho Grão | C104: 28.062936 | D104: 87.78 | E104: =IF(D104>0,(C104/D104)/SUMPRODUCT($C$103:$C$107/$D$103:$D$107)*100,"") -> 14.884627 | F104: =IF(E104<>"",E104*3,"") -> 44.653882 | G104: Calculada
A105: Proteico | B105: Soja Farelo | C105: 19.869035 | D105: 88.48 | E105: =IF(D105>0,(C105/D105)/SUMPRODUCT($C$103:$C$107/$D$103:$D$107)*100,"") -> 10.455194 | F105: =IF(E105<>"",E105*3,"") -> 31.365583 | G105: Calculada
A106: Mineral | B106: Calcário calcítico | C106: 1.0680293 | D106: 99.89 | E106: =IF(D106>0,(C106/D106)/SUMPRODUCT($C$103:$C$107/$D$103:$D$107)*100,"") -> 0.49780766 | F106: =IF(E106<>"",E106*3,"") -> 1.493423 | G106: Calculada
...

Sheet Mistas Otimizadas
A1: Misturas volumoso/concentrado - geração otimizada
A3: 4. Formulação ID 11: teste reuniao
A4: Categoria: Ovelhas | Fase: Início da lactação | PV: 20 kg | GMD: 0.2 kg/dia | CMS: 0.594 kg/dia | NRC ID: 1696 | Travas: 0
A5: Tipo | B5: Ingrediente | C5: % MS | D5: MS ing. (%) | E5: MN (100 kg) | F5: MN (300 kg) | G5: Origem
A6: Energético | B6: Milho Grão | C6: 22.355159 | D6: 87.78 | E6: =IF(D6>0,(C6/D6)/SUMPRODUCT($C$6:$C$12/$D$6:$D$12)*100,"") -> 10.024913 | F6: =IF(E6<>"",E6*3,"") -> 30.074739 | G6: Calculada
A7: Proteico | B7: Soja Farelo | C7: 11.075023 | D7: 88.48 | E7: =IF(D7>0,(C7/D7)/SUMPRODUCT($C$6:$C$12/$D$6:$D$12)*100,"") -> 4.9271743 | F7: =IF(E7<>"",E7*3,"") -> 14.781523 | G7: Calculada
A8: Proteico | B8: Uréia | C8: 1 | D8: 99 | E8: =IF(D8>0,(C8/D8)/SUMPRODUCT($C$6:$C$12/$D$6:$D$12)*100,"") -> 0.39761543 | F8: =IF(E8<>"",E8*3,"") -> 1.1928463 | G8: Calculada
A9: Mineral | B9: Calcário calcítico | C9: 2.7286077 | D9: 99.89 | E9: =IF(D9>0,(C9/D9)/SUMPRODUCT($C$6:$C$12/$D$6:$D$12)*100,"") -> 1.0752699 | F9: =IF(E9<>"",E9*3,"") -> 3.2258098 | G9: Calculada
A10: Mineral | B10: Fosfato Monoamônio Defluorizado | C10: 0.1 | D10: 98.18 | E10: =IF(D10>0,(C10/D10)/SUMPRODUCT($C$6:$C$12/$D$6:$D$12)*100,"") -> 0.040093631 | F10: =IF(E10<>"",E10*3,"") -> 0.12028089 | G10: Calculada
A11: Forragens Verdes | B11: Azevém | C11: 40 | D11: 21.43 | E11: =IF(D11>0,(C11/D11)/SUMPRODUCT($C$6:$C$12/$D$6:$D$12)*100,"") -> 73.474433 | F11: =IF(E11<>"",E11*3,"") -> 220.4233 | G11: Calculada
A12: Energético | B12: Arroz Farelo Integral | C12: 22.741211 | D12: 88.98 | E12: =IF(D12>0,(C12/D12)/SUMPRODUCT($C$6:$C$12/$D$6:$D$12)*100,"") -> 10.060501 | F12: =IF(E12<>"",E12*3,"") -> 30.181503 | G12: Calculada
A13: TOTAL | C13: =SUM(C6:C12) -> 100 | E13: =SUM(E6:E12) -> 100 | F13: =SUM(F6:F12) -> 300
A14: PB (%) | B14: 18.676869 | C14: NDT (%) | D14: 73.016194 | E14: FDN (%) | F14: 33.578816
A15: Ca (%) | B15: 1.2844544 | C15: P (%) | D15: 0.64222721 | E15: Ca:P | F15: 2
A16: EE (%) | B16: 5.7744663 | C16: Vol. (%) | D16: 40 | E16: Desvios | F16: 0
A17: Composição bromatológica: PB 18.68% | NDT 73.02% | FDN 33.58% | EE 5.77% | Ca 1.28% | P 0.64% | Ca:P 2.00:1 | Relação Ca:P: ACEITAVEL
A18: Avaliação: Sem déficits ou excessos configurados. | Motor: convergiu
A20: 6. Formulação ID 14: teste reuniao
A21: Categoria: Ovelhas | Fase: Início da lactação | PV: 20 kg | GMD: 0.2 kg/dia | CMS: 0.594 kg/dia | NRC ID: 1696 | Travas: 1
A22: Tipo | B22: Ingrediente | C22: % MS | D22: MS ing. (%) | E22: MN (100 kg) | F22: MN (300 kg) | G22: Origem
A23: Silagens | B23: Milho, Silagem | C23: 42.25 | D23: 31.59 | E23: =IF(D23>0,(C23/D23)/SUMPRODUCT($C$23:$C$28/$D$23:$D$28)*100,"") -> 58.803737 | F23: =IF(E23<>"",E23*3,"") -> 176.41121 | G23: Calculada
A24: Energético | B24: Milho Grão | C24: 29.591638 | D24: 87.78 | E24: =IF(D24>0,(C24/D24)/SUMPRODUCT($C$23:$C$28/$D$23:$D$28)*100,"") -> 14.821811 | F24: =IF(E24<>"",E24*3,"") -> 44.465433 | G24: Calculada
A25: Proteico | B25: Soja Farelo | C25: 16.397569 | D25: 88.48 | E25: =IF(D25>0,(C25/D25)/SUMPRODUCT($C$23:$C$28/$D$23:$D$28)*100,"") -> 8.1482096 | F25: =IF(E25<>"",E25*3,"") -> 24.444629 | G25: Calculada
A26: Proteico | B26: Uréia | C26: 1 | D26: 99 | E26: =IF(D26>0,(C26/D26)/SUMPRODUCT($C$23:$C$28/$D$23:$D$28)*100,"") -> 0.44411214 | F26: =IF(E26<>"",E26*3,"") -> 1.3323364 | G26: Calculada
A27: Mineral | B27: Calcário calcítico | C27: 0.76079292 | D27: 99.89 | E27: =IF(D27>0,(C27/D27)/SUMPRODUCT($C$23:$C$28/$D$23:$D$28)*100,"") -> 0.33486695 | F27: =IF(E27<>"",E27*3,"") -> 1.0046009 | G27: Calculada
A28: Forragens Verdes | B28: Alfafa | C28: 10 | D28: 25.2 | E28: =IF(D28>0,(C28/D28)/SUMPRODUCT($C$23:$C$28/$D$23:$D$28)*100,"") -> 17.447263 | F28: =IF(E28<>"",E28*3,"") -> 52.341788 | G28: Travada
A29: TOTAL | C29: =SUM(C23:C28) -> 100 | E29: =SUM(E23:E28) -> 100 | F29: =SUM(F23:F28) -> 300
A30: PB (%) | B30: 18.676869 | C30: NDT (%) | D30: 72.427869 | E30: FDN (%) | F30: 33.879118
A31: Ca (%) | B31: 0.62289562 | C31: P (%) | D31: 0.27479632 | E31: Ca:P | F31: 2.2667539
A32: EE (%) | B32: 3.2163129 | C32: Vol. (%) | D32: 52.25 | E32: Desvios | F32: 1
A33: Composição bromatológica: PB 18.68% | NDT 72.43% | FDN 33.88% | EE 3.22% | Ca 0.62% | P 0.27% | Ca:P 2.27:1 | Relação Ca:P: PREFERENCIAL
A34: Avaliação: P deficit (34.7%) | Motor: convergiu
A36: 7. Formulação ID 17: teste 2
A37: Categoria: Cordeiros(as) 4 meses | Fase: Crescimento | PV: 20 kg | GMD: 0.2 kg/dia | CMS: 0.594 kg/dia | NRC ID: 1696 | Travas: 3
A38: Tipo | B38: Ingrediente | C38: % MS | D38: MS ing. (%) | E38: MN (100 kg) | F38: MN (300 kg) | G38: Origem
A39: Silagens | B39: Milho, Silagem | C39: 50.00377 | D39: 31.59 | E39: =IF(D39>0,(C39/D39)/SUMPRODUCT($C$39:$C$43/$D$39:$D$43)*100,"") -> 73.695986 | F39: =IF(E39<>"",E39*3,"") -> 221.08796 | G39: Calculada
A40: Energético | B40: Milho Grão | C40: 28.01 | D40: 87.78 | E40: =IF(D40>0,(C40/D40)/SUMPRODUCT($C$39:$C$43/$D$39:$D$43)*100,"") -> 14.856217 | F40: =IF(E40<>"",E40*3,"") -> 44.568652 | G40: Travada
A41: Proteico | B41: Soja Farelo | C41: 19.9 | D41: 88.48 | E41: =IF(D41>0,(C41/D41)/SUMPRODUCT($C$39:$C$43/$D$39:$D$43)*100,"") -> 10.471254 | F41: =IF(E41<>"",E41*3,"") -> 31.413761 | G41: Travada
A42: Proteico | B42: Uréia | C42: 0.99623022 | D42: 99 | E42: =IF(D42>0,(C42/D42)/SUMPRODUCT($C$39:$C$43/$D$39:$D$43)*100,"") -> 0.46850608 | F42: =IF(E42<>"",E42*3,"") -> 1.4055182 | G42: Calculada
A43: Mineral | B43: Calcário calcítico | C43: 1.09 | D43: 99.89 | E43: =IF(D43>0,(C43/D43)/SUMPRODUCT($C$39:$C$43/$D$39:$D$43)*100,"") -> 0.50803683 | F43: =IF(E43<>"",E43*3,"") -> 1.5241105 | G43: Travada
A44: TOTAL | C44: =SUM(C39:C43) -> 100 | E44: =SUM(E39:E43) -> 100 | F44: =SUM(F39:F43) -> 300
A45: PB (%) | B45: 18.676869 | C45: NDT (%) | D45: 71.729653 | E45: FDN (%) | F45: 34.726353
A46: Ca (%) | B46: 0.63119931 | C46: P (%) | D46: 0.27857116 | E46: Ca:P | F46: 2.2658458
A47: EE (%) | B47: 3.084186 | C47: Vol. (%) | D47: 50.00377 | E47: Desvios | F47: 1
A48: Composição bromatológica: PB 18.68% | NDT 71.73% | FDN 34.73% | EE 3.08% | Ca 0.63% | P 0.28% | Ca:P 2.27:1 | Relação Ca:P: PREFERENCIAL
A49: Avaliação: P deficit (33.8%) | Motor: convergiu
A51: 10. Formulação ID 28: teste 5
A52: Categoria: Cordeiros(as) 4 meses | Fase: Crescimento | PV: 20 kg | GMD: 0.2 kg/dia | CMS: 0.594 kg/dia | NRC ID: 1696 | Travas: 0
A53: Tipo | B53: Ingrediente | C53: % MS | D53: MS ing. (%) | E53: MN (100 kg) | F53: MN (300 kg) | G53: Origem
A54: Silagens | B54: Milho, Silagem | C54: 27.225 | D54: 31.59 | E54: =IF(D54>0,(C54/D54)/SUMPRODUCT($C$54:$C$60/$D$54:$D$60)*100,"") -> 51.108673 | F54: =IF(E54<>"",E54*3,"") -> 153.32602 | G54: Calculada
A55: Energético | B55: Milho Grão | C55: 20.639927 | D55: 87.78 | E55: =IF(D55>0,(C55/D55)/SUMPRODUCT($C$54:$C$60/$D$54:$D$60)*100,"") -> 13.94405 | F55: =IF(E55<>"",E55*3,"") -> 41.832149 | G55: Calculada
A56: Proteico | B56: Soja Farelo | C56: 16.953422 | D56: 88.48 | E56: =IF(D56>0,(C56/D56)/SUMPRODUCT($C$54:$C$60/$D$54:$D$60)*100,"") -> 11.362885 | F56: =IF(E56<>"",E56*3,"") -> 34.088654 | G56: Calculada
A57: Proteico | B57: DDGS30 | C57: 8.256726 | D57: 86 | E57: =IF(D57>0,(C57/D57)/SUMPRODUCT($C$54:$C$60/$D$54:$D$60)*100,"") -> 5.6935844 | F57: =IF(E57<>"",E57*3,"") -> 17.080753 | G57: Calculada
A58: Energético | B58: Trigo Farelo | C58: 23.80766 | D58: 88.05 | E58: =IF(D58>0,(C58/D58)/SUMPRODUCT($C$54:$C$60/$D$54:$D$60)*100,"") -> 16.034806 | F58: =IF(E58<>"",E58*3,"") -> 48.104417 | G58: Calculada
A59: Mineral | B59: Calcário calcítico | C59: 2.1172648 | D59: 99.89 | E59: =IF(D59>0,(C59/D59)/SUMPRODUCT($C$54:$C$60/$D$54:$D$60)*100,"") -> 1.2569833 | F59: =IF(E59<>"",E59*3,"") -> 3.7709499 | G59: Calculada
A60: Mineral | B60: Sal Branco | C60: 1 | D60: 99 | E60: =IF(D60>0,(C60/D60)/SUMPRODUCT($C$54:$C$60/$D$54:$D$60)*100,"") -> 0.59901976 | F60: =IF(E60<>"",E60*3,"") -> 1.7970593 | G60: Calculada
A61: TOTAL | C61: =SUM(C54:C60) -> 100 | E61: =SUM(E54:E60) -> 100 | F61: =SUM(F54:F60) -> 300
A62: PB (%) | B62: 18.676869 | C62: NDT (%) | D62: 73.047988 | E62: FDN (%) | F62: 33.871448
A63: Ca (%) | B63: 0.98480026 | C63: P (%) | D63: 0.49240013 | E63: Ca:P | F63: 2
A64: EE (%) | B64: 3.1115923 | C64: Vol. (%) | D64: 27.225 | E64: Desvios | F64: 0
A65: Composição bromatológica: PB 18.68% | NDT 73.05% | FDN 33.87% | EE 3.11% | Ca 0.98% | P 0.49% | Ca:P 2.00:1 | Relação Ca:P: PREFERENCIAL
A66: Avaliação: Sem déficits ou excessos configurados. | Motor: convergiu
A68: 11. Formulação ID 29: teste 6
A69: Categoria: Cordeiros(as) 4 meses | Fase: Crescimento | PV: 20 kg | GMD: 0.15 kg/dia | CMS: 0.76 kg/dia | NRC ID: 1727 | Travas: 0
A70: Tipo | B70: Ingrediente | C70: % MS | D70: MS ing. (%) | E70: MN (100 kg) | F70: MN (300 kg) | G70: Origem
A71: Silagens | B71: Milho, Silagem | C71: 22.275 | D71: 31.59 | E71: =IF(D71>0,(C71/D71)/SUMPRODUCT($C$71:$C$77/$D$71:$D$77)*100,"") -> 44.472453 | F71: =IF(E71<>"",E71*3,"") -> 133.41736 | G71: Calculada
A72: Energético | B72: Milho Grão | C72: 35.020168 | D72: 87.78 | E72: =IF(D72>0,(C72/D72)/SUMPRODUCT($C$71:$C$77/$D$71:$D$77)*100,"") -> 25.162028 | F72: =IF(E72<>"",E72*3,"") -> 75.486085 | G72: Calculada
A73: Proteico | B73: Soja Farelo | C73: 0.1 | D73: 88.48 | E73: =IF(D73>0,(C73/D73)/SUMPRODUCT($C$71:$C$77/$D$71:$D$77)*100,"") -> 0.071281672 | F73: =IF(E73<>"",E73*3,"") -> 0.21384502 | G73: Calculada
A74: Proteico | B74: DDGS30 | C74: 5.9345199 | D74: 86 | E74: =IF(D74>0,(C74/D74)/SUMPRODUCT($C$71:$C$77/$D$71:$D$77)*100,"") -> 4.3522129 | F74: =IF(E74<>"",E74*3,"") -> 13.056639 | G74: Calculada
A75: Energético | B75: Trigo Farelo | C75: 32.777443 | D75: 88.05 | E75: =IF(D75>0,(C75/D75)/SUMPRODUCT($C$71:$C$77/$D$71:$D$77)*100,"") -> 23.478411 | F75: =IF(E75<>"",E75*3,"") -> 70.435234 | G75: Calculada
A76: Mineral | B76: Calcário calcítico | C76: 2.8928683 | D76: 99.89 | E76: =IF(D76>0,(C76/D76)/SUMPRODUCT($C$71:$C$77/$D$71:$D$77)*100,"") -> 1.8265419 | F76: =IF(E76<>"",E76*3,"") -> 5.4796257 | G76: Calculada
A77: Mineral | B77: Sal Branco | C77: 1 | D77: 99 | E77: =IF(D77>0,(C77/D77)/SUMPRODUCT($C$71:$C$77/$D$71:$D$77)*100,"") -> 0.63707095 | F77: =IF(E77<>"",E77*3,"") -> 1.9112128 | G77: Calculada
A78: TOTAL | C78: =SUM(C71:C77) -> 100 | E78: =SUM(E71:E77) -> 100 | F78: =SUM(F71:F77) -> 300
A79: PB (%) | B79: 12.246842 | C79: NDT (%) | D79: 72.998562 | E79: FDN (%) | F79: 33.775062
A80: Ca (%) | B80: 1.2239852 | C80: P (%) | D80: 0.48959408 | E80: Ca:P | F80: 2.5
A81: EE (%) | B81: 3.5142686 | C81: Vol. (%) | D81: 22.275 | E81: Desvios | F81: 0
A82: Composição bromatológica: PB 12.25% | NDT 73.00% | FDN 33.78% | EE 3.51% | Ca 1.22% | P 0.49% | Ca:P 2.50:1 | Relação Ca:P: PREFERENCIAL
A83: Avaliação: Sem déficits ou excessos configurados. | Motor: convergiu
A85: 12. Formulação ID 30: teste 7
A86: Categoria: Cordeiros(as) 4 meses | Fase: Crescimento | PV: 20 kg | GMD: 0.2 kg/dia | CMS: 0.614 kg/dia | NRC ID: 1760 | Travas: 0
A87: Tipo | B87: Ingrediente | C87: % MS | D87: MS ing. (%) | E87: MN (100 kg) | F87: MN (300 kg) | G87: Origem
A88: Silagens | B88: Milho, Silagem | C88: 24.75 | D88: 31.59 | E88: =IF(D88>0,(C88/D88)/SUMPRODUCT($C$88:$C$94/$D$88:$D$94)*100,"") -> 47.886802 | F88: =IF(E88<>"",E88*3,"") -> 143.66041 | G88: Calculada
A89: Energético | B89: Milho Grão | C89: 23.223059 | D89: 87.78 | E89: =IF(D89>0,(C89/D89)/SUMPRODUCT($C$88:$C$94/$D$88:$D$94)*100,"") -> 16.170152 | F89: =IF(E89<>"",E89*3,"") -> 48.510456 | G89: Calculada
A90: Proteico | B90: Soja Farelo | C90: 14.990466 | D90: 88.48 | E90: =IF(D90>0,(C90/D90)/SUMPRODUCT($C$88:$C$94/$D$88:$D$94)*100,"") -> 10.355242 | F90: =IF(E90<>"",E90*3,"") -> 31.065727 | G90: Calculada
A91: Proteico | B91: DDGS30 | C91: 8.157598 | D91: 86 | E91: =IF(D91>0,(C91/D91)/SUMPRODUCT($C$88:$C$94/$D$88:$D$94)*100,"") -> 5.7976781 | F91: =IF(E91<>"",E91*3,"") -> 17.393034 | G91: Calculada
A92: Energético | B92: Trigo Farelo | C92: 25.694638 | D92: 88.05 | E92: =IF(D92>0,(C92/D92)/SUMPRODUCT($C$88:$C$94/$D$88:$D$94)*100,"") -> 17.836244 | F92: =IF(E92<>"",E92*3,"") -> 53.508732 | G92: Calculada
A93: Mineral | B93: Calcário calcítico | C93: 2.1842391 | D93: 99.89 | E93: =IF(D93>0,(C93/D93)/SUMPRODUCT($C$88:$C$94/$D$88:$D$94)*100,"") -> 1.3364984 | F93: =IF(E93<>"",E93*3,"") -> 4.0094951 | G93: Calculada
A94: Mineral | B94: Sal Branco | C94: 1 | D94: 99 | E94: =IF(D94>0,(C94/D94)/SUMPRODUCT($C$88:$C$94/$D$88:$D$94)*100,"") -> 0.61738356 | F94: =IF(E94<>"",E94*3,"") -> 1.8521507 | G94: Calculada
A95: TOTAL | C95: =SUM(C88:C94) -> 100 | E95: =SUM(E88:E94) -> 100 | F95: =SUM(F88:F94) -> 300
A96: PB (%) | B96: 18.068176 | C96: NDT (%) | D96: 73.380238 | E96: FDN (%) | F96: 33.369631
A97: Ca (%) | B97: 1.0002131 | C97: P (%) | D97: 0.50010657 | E97: Ca:P | F97: 2
A98: EE (%) | B98: 3.172328 | C98: Vol. (%) | D98: 24.75 | E98: Desvios | F98: 0
A99: Composição bromatológica: PB 18.07% | NDT 73.38% | FDN 33.37% | EE 3.17% | Ca 1.00% | P 0.50% | Ca:P 2.00:1 | Relação Ca:P: PREFERENCIAL
A100: Avaliação: Sem déficits ou excessos configurados. | Motor: convergiu
A102: 14. Formulação ID 32: teste 9
A103: Categoria: Cordeiros(as) 4 meses | Fase: Crescimento | PV: 50 kg | GMD: -0.034 kg/dia | CMS: 1.8799999999999997 kg/dia | NRC ID: 1921 | Travas: 0
A104: Tipo | B104: Ingrediente | C104: % MS | D104: MS ing. (%) | E104: MN (100 kg) | F104: MN (300 kg) | G104: Origem
A105: Silagens | B105: Milho, Silagem | C105: 7.425 | D105: 31.59 | E105: =IF(D105>0,(C105/D105)/SUMPRODUCT($C$105:$C$110/$D$105:$D$110)*100,"") -> 18.388764 | F105: =IF(E105<>"",E105*3,"") -> 55.166291 | G105: Calculada
A106: Proteico | B106: Soja Farelo | C106: 0.62047971 | D106: 88.48 | E106: =IF(D106>0,(C106/D106)/SUMPRODUCT($C$105:$C$110/$D$105:$D$110)*100,"") -> 0.54864088 | F106: =IF(E106<>"",E106*3,"") -> 1.6459226 | G106: Calculada
A107: Energético | B107: Trigo Farelo | C107: 85.779959 | D107: 88.05 | E107: =IF(D107>0,(C107/D107)/SUMPRODUCT($C$105:$C$110/$D$105:$D$110)*100,"") -> 76.218811 | F107: =IF(E107<>"",E107*3,"") -> 228.65643 | G107: Calculada
...

Sheet Comparativo Mistas
A1: ID | B1: Título | C1: Categoria | D1: Status 50% | E1: Status otimizada | F1: Vol. fixo | G1: Vol. otimizada | H1: Δ vol. | I1: PB fixo | J1: PB otimizada | K1: Δ PB | L1: NDT fixo | M1: NDT otimizada | N1: Δ NDT | O1: FDN fixo | P1: FDN otimizada | Q1: Δ FDN | R1: Ca:P fixo | S1: Ca:P otimizada | T1: Faixa Ca:P fixo | U1: Faixa Ca:P otimizada | V1: Desvios fixo | W1: Desvios otimizada | X1: Δ desvios | Y1: Resultado nutricional
A2: 14 | B2: teste reuniao | C2: Ovelhas | D2: OK | E2: OK | F2: 50 | G2: 52.25 | H2: =IF(OR(F2="",G2=""),"",G2-F2) -> 2.25 | I2: 18.676869 | J2: 18.676869 | K2: =IF(OR(I2="",J2=""),"",J2-I2) -> 0 | L2: 72.933718 | M2: 72.427869 | N2: =IF(OR(L2="",M2=""),"",M2-L2) -> -0.50584978 | O2: 32.955881 | P2: 33.879118 | Q2: =IF(OR(O2="",P2=""),"",P2-O2) -> 0.92323701 | R2: 2.2586224 | S2: 2.2667539 | T2: PREFERENCIAL | U2: PREFERENCIAL | V2: 1 | W2: 1 | X2: =IF(OR(V2="",W2=""),"",W2-V2) -> 0 | Y2: =IF(OR(D2<>"OK",E2<>"OK"),"Não comparável",IF(W2<V2,"Otimizada",IF(W2>V2,"50% fixo","Empate nutricional"))) -> Empate nutricional
A3: 17 | B3: teste 2 | C3: Cordeiros(as) 4 meses | D3: OK | E3: OK | F3: 50 | G3: 50.00377 | H3: =IF(OR(F3="",G3=""),"",G3-F3) -> 0.0037697771 | I3: 18.68715 | J3: 18.676869 | K3: =IF(OR(I3="",J3=""),"",J3-I3) -> -0.010281313 | L3: 71.727273 | M3: 71.729653 | N3: =IF(OR(L3="",M3=""),"",M3-L3) -> 0.0023798603 | O3: 34.724269 | P3: 34.726353 | Q3: =IF(OR(O3="",P3=""),"",P3-O3) -> 0.0020835558 | R3: 2.2658635 | S3: 2.2658458 | T3: PREFERENCIAL | U3: PREFERENCIAL | V3: 1 | W3: 1 | X3: =IF(OR(V3="",W3=""),"",W3-V3) -> 0 | Y3: =IF(OR(D3<>"OK",E3<>"OK"),"Não comparável",IF(W3<V3,"Otimizada",IF(W3>V3,"50% fixo","Empate nutricional"))) -> Empate nutricional
A4: 28 | B4: teste 5 | C4: Cordeiros(as) 4 meses | D4: OK | E4: OK | F4: 50 | G4: 27.225 | H4: =IF(OR(F4="",G4=""),"",G4-F4) -> -22.775 | I4: 18.676869 | J4: 18.676869 | K4: =IF(OR(I4="",J4=""),"",J4-I4) -> 0 | L4: 69.506036 | M4: 73.047988 | N4: =IF(OR(L4="",M4=""),"",M4-L4) -> 3.5419524 | O4: 40.390926 | P4: 33.871448 | Q4: =IF(OR(O4="",P4=""),"",P4-O4) -> -6.5194782 | R4: 2 | S4: 2 | T4: ACEITAVEL | U4: PREFERENCIAL | V4: 0 | W4: 0 | X4: =IF(OR(V4="",W4=""),"",W4-V4) -> 0 | Y4: =IF(OR(D4<>"OK",E4<>"OK"),"Não comparável",IF(W4<V4,"Otimizada",IF(W4>V4,"50% fixo","Empate nutricional"))) -> Empate nutricional
A5: 29 | B5: teste 6 | C5: Cordeiros(as) 4 meses | D5: OK | E5: OK | F5: 50 | G5: 22.275 | H5: =IF(OR(F5="",G5=""),"",G5-F5) -> -27.725 | I5: 12.234497 | J5: 12.246842 | K5: =IF(OR(I5="",J5=""),"",J5-I5) -> 0.012345557 | L5: 69.537484 | M5: 72.998562 | N5: =IF(OR(L5="",M5=""),"",M5-L5) -> 3.4610779 | O5: 41.06091 | P5: 33.775062 | Q5: =IF(OR(O5="",P5=""),"",P5-O5) -> -7.2858479 | R5: 2 | S5: 2.5 | T5: PREFERENCIAL | U5: PREFERENCIAL | V5: 0 | W5: 0 | X5: =IF(OR(V5="",W5=""),"",W5-V5) -> 0 | Y5: =IF(OR(D5<>"OK",E5<>"OK"),"Não comparável",IF(W5<V5,"Otimizada",IF(W5>V5,"50% fixo","Empate nutricional"))) -> Empate nutricional
A6: 30 | B6: teste 7 | C6: Cordeiros(as) 4 meses | D6: OK | E6: OK | F6: 50 | G6: 24.75 | H6: =IF(OR(F6="",G6=""),"",G6-F6) -> -25.25 | I6: 18.068176 | J6: 18.068176 | K6: =IF(OR(I6="",J6=""),"",J6-I6) -> 0 | L6: 69.699886 | M6: 73.380238 | N6: =IF(OR(L6="",M6=""),"",M6-L6) -> 3.6803524 | O6: 39.962842 | P6: 33.369631 | Q6: =IF(OR(O6="",P6=""),"",P6-O6) -> -6.5932104 | R6: 2 | S6: 2 | T6: ACEITAVEL | U6: PREFERENCIAL | V6: 0 | W6: 0 | X6: =IF(OR(V6="",W6=""),"",W6-V6) -> 0 | Y6: =IF(OR(D6<>"OK",E6<>"OK"),"Não comparável",IF(W6<V6,"Otimizada",IF(W6>V6,"50% fixo","Empate nutricional"))) -> Empate nutricional
A7: 32 | B7: teste 9 | C7: Cordeiros(as) 4 meses | D7: OK | E7: OK | F7: 50 | G7: 7.425 | H7: =IF(OR(F7="",G7=""),"",G7-F7) -> -42.575 | I7: 15.807872 | J7: 15.807872 | K7: =IF(OR(I7="",J7=""),"",J7-I7) -> 0 | L7: 65.957447 | M7: 66.392316 | N7: =IF(OR(L7="",M7=""),"",M7-L7) -> 0.43486952 | O7: 45.055845 | P7: 41.908035 | Q7: =IF(OR(O7="",P7=""),"",P7-O7) -> -3.1478094 | R7: 2.0039249 | S7: 2.5 | T7: PREFERENCIAL | U7: PREFERENCIAL | V7: 0 | W7: 0 | X7: =IF(OR(V7="",W7=""),"",W7-V7) -> 0 | Y7: =IF(OR(D7<>"OK",E7<>"OK"),"Não comparável",IF(W7<V7,"Otimizada",IF(W7>V7,"50% fixo","Empate nutricional"))) -> Empate nutricional
A8: 84 | B8: atz75 | C8: Cordeiros(as) 4 meses | D8: OK | E8: OK | F8: 50 | G8: 47.5 | H8: =IF(OR(F8="",G8=""),"",G8-F8) -> -2.5 | I8: 18.676869 | J8: 18.676869 | K8: =IF(OR(I8="",J8=""),"",J8-I8) -> 0 | L8: 71.747816 | M8: 72.309871 | N8: =IF(OR(L8="",M8=""),"",M8-L8) -> 0.56205532 | O8: 34.727127 | P8: 33.701308 | Q8: =IF(OR(O8="",P8=""),"",P8-O8) -> -1.0258189 | R8: 2.2364674 | S8: 2.2276752 | T8: PREFERENCIAL | U8: PREFERENCIAL | V8: 1 | W8: 1 | X8: =IF(OR(V8="",W8=""),"",W8-V8) -> 0 | Y8: =IF(OR(D8<>"OK",E8<>"OK"),"Não comparável",IF(W8<V8,"Otimizada",IF(W8>V8,"50% fixo","Empate nutricional"))) -> Empate nutricional
A9: 85 | B9: zoot25-1 | C9: Cordeiros(as) 4 meses | D9: OK | E9: OK | F9: 50 | G9: 47.5 | H9: =IF(OR(F9="",G9=""),"",G9-F9) -> -2.5 | I9: 18.676869 | J9: 18.676869 | K9: =IF(OR(I9="",J9=""),"",J9-I9) -> 0 | L9: 72.294613 | M9: 72.856668 | N9: =IF(OR(L9="",M9=""),"",M9-L9) -> 0.56205532 | O9: 34.945844 | P9: 33.920025 | Q9: =IF(OR(O9="",P9=""),"",P9-O9) -> -1.0258189 | R9: 2.0559778 | S9: 2.0485452 | T9: PREFERENCIAL | U9: PREFERENCIAL | V9: 1 | W9: 1 | X9: =IF(OR(V9="",W9=""),"",W9-V9) -> 0 | Y9: =IF(OR(D9<>"OK",E9<>"OK"),"Não comparável",IF(W9<V9,"Otimizada",IF(W9>V9,"50% fixo","Empate nutricional"))) -> Empate nutricional
A10: 86 | B10: aula dieta total | C10: Cordeiros(as) 4 meses | D10: OK | E10: OK | F10: 50 | G10: 47.5 | H10: =IF(OR(F10="",G10=""),"",G10-F10) -> -2.5 | I10: 18.68 | J10: 18.68 | K10: =IF(OR(I10="",J10=""),"",J10-I10) -> 0 | L10: 72.29425 | M10: 72.856305 | N10: =IF(OR(L10="",M10=""),"",M10-L10) -> 0.56205532 | O10: 34.94593 | P10: 33.920111 | Q10: =IF(OR(O10="",P10=""),"",P10-O10) -> -1.0258189 | R10: 2.0558057 | S10: 2.0483742 | T10: PREFERENCIAL | U10: PREFERENCIAL | V10: 1 | W10: 1 | X10: =IF(OR(V10="",W10=""),"",W10-V10) -> 0 | Y10: =IF(OR(D10<>"OK",E10<>"OK"),"Não comparável",IF(W10<V10,"Otimizada",IF(W10>V10,"50% fixo","Empate nutricional"))) -> Empate nutricional
A11: 87 | B11: atz1 | C11: Cordeiros(as) 4 meses | D11: OK | E11: OK | F11: 50 | G11: 47.025 | H11: =IF(OR(F11="",G11=""),"",G11-F11) -> -2.975 | I11: 18.68 | J11: 18.68 | K11: =IF(OR(I11="",J11=""),"",J11-I11) -> 0 | L11: 71.422695 | M11: 72.091541 | N11: =IF(OR(L11="",M11=""),"",M11-L11) -> 0.66884583 | O11: 34.804426 | P11: 33.583701 | Q11: =IF(OR(O11="",P11=""),"",P11-O11) -> -1.2207245 | R11: 2.0678447 | S11: 2.0589038 | T11: PREFERENCIAL | U11: PREFERENCIAL | V11: 1 | W11: 1 | X11: =IF(OR(V11="",W11=""),"",W11-V11) -> 0 | Y11: =IF(OR(D11<>"OK",E11<>"OK"),"Não comparável",IF(W11<V11,"Otimizada",IF(W11>V11,"50% fixo","Empate nutricional"))) -> Empate nutricional
A12: 88 | B12: ovino 2 24-42 | C12: Cordeiros(as) 4 meses | D12: OK | E12: OK | F12: 50 | G12: 44.55 | H12: =IF(OR(F12="",G12=""),"",G12-F12) -> -5.45 | I12: 12.406107 | J12: 12.406107 | K12: =IF(OR(I12="",J12=""),"",J12-I12) -> 0 | L12: 68.717197 | M12: 69.41189 | N12: =IF(OR(L12="",M12=""),"",M12-L12) -> 0.69469354 | O12: 40.572871 | P12: 39.154723 | Q12: =IF(OR(O12="",P12=""),"",P12-O12) -> -1.4181483 | R12: 2 | S12: 2 | T12: PREFERENCIAL | U12: ACEITAVEL | V12: 0 | W12: 0 | X12: =IF(OR(V12="",W12=""),"",W12-V12) -> 0 | Y12: =IF(OR(D12<>"OK",E12<>"OK"),"Não comparável",IF(W12<V12,"Otimizada",IF(W12>V12,"50% fixo","Empate nutricional"))) -> Empate nutricional
A13: 89 | B13: zoot38 | C13: Cordeiros(as) 4 meses | D13: OK | E13: OK | F13: 50 | G13: 47.5 | H13: =IF(OR(F13="",G13=""),"",G13-F13) -> -2.5 | I13: 18.676869 | J13: 18.676869 | K13: =IF(OR(I13="",J13=""),"",J13-I13) -> 0 | L13: 71.739518 | M13: 72.301426 | N13: =IF(OR(L13="",M13=""),"",M13-L13) -> 0.56190787 | O13: 34.72578 | P13: 33.699937 | Q13: =IF(OR(O13="",P13=""),"",P13-O13) -> -1.0258428 | R13: 2.2348652 | S13: 2.2260574 | T13: PREFERENCIAL | U13: PREFERENCIAL | V13: 1 | W13: 1 | X13: =IF(OR(V13="",W13=""),"",W13-V13) -> 0 | Y13: =IF(OR(D13<>"OK",E13<>"OK"),"Não comparável",IF(W13<V13,"Otimizada",IF(W13>V13,"50% fixo","Empate nutricional"))) -> Empate nutricional
... A17: 100 | B17: palestra | C17: Cordeiros(as) 4 meses | D17: OK | E17: OK | F17: 50 | G17: 47.5 | H17: =IF(OR(F17="",G17=""),"",G17-F17) -> -2.5 | I17: 18.68 | J17: 18.68 | K17: =IF(OR(I17="",J17=""),"",J17-I17) -> 0 | L17: 71.739155 | M17: 72.301063 | N17: =IF(OR(L17="",M17=""),"",M17-L17) -> 0.56190787 | O17: 34.725866 | P17: 33.700024 | Q17: =IF(OR(O17="",P17=""),"",P17-O17) -> -1.0258428 | R17: 2.2346619 | S17: 2.2258557 | T17: PREFERENCIAL | U17: PREFERENCIAL | V17: 1 | W17: 1 | X17: =IF(OR(V17="",W17=""),"",W17-V17) -> 0 | Y17: =IF(OR(D17<>"OK",E17<>"OK"),"Não comparável",IF(W17<V17,"Otimizada",IF(W17>V17,"50% fixo","Empate nutricional"))) -> Empate nutricional

Sheet Dados Cenarios
A1: Formulação ID | B1: Título | C1: Grupo | D1: Cenário | E1: Sucesso | F1: Categoria | G1: Fase | H1: PV (kg) | I1: GMD (kg/dia) | J1: CMS (kg/dia) | K1: Alvo volumoso (%) | L1: Volumoso aplicado (%) | M1: Concentrado aplicado (%) | N1: Soma MS (%) | O1: PB (%) | P1: NDT (%) | Q1: FDN (%) | R1: EE (%) | S1: Ca (%) | T1: P (%) | U1: Ca:P | V1: Status Ca:P | W1: Nº desvios | X1: Déficits/excessos | Y1: Motor convergiu | Z1: Origem do alvo | AA1: Erro
A2: 10 | B2: ovelhas leiteiras | C2: MISTA | D2: Mista - 50% volumoso fixo | E2: SIM | F2: Ovelhas | G2: Início da lactação | H2: 70 | I2: -0.031 | J2: 1.981 | K2: 50 | L2: 50 | M2: 50 | N2: 100 | O2: 14.74 | P2: 68.713476 | Q2: 33.225008 | R2: 2.1761611 | S2: 0.69661787 | T2: 0.34830893 | U2: 2 | V2: ACEITAVEL | W2: 0 | X2: Sem déficits ou excessos configurados. | Y2: SIM | Z2: heuristica_funcional
A3: 10 | B3: ovelhas leiteiras | C3: MISTA | D3: Mista - geração otimizada | E3: SIM | F3: Ovelhas | G3: Início da lactação | H3: 70 | I3: -0.031 | J3: 1.981 | L3: 47.5 | M3: 52.5 | N3: 100 | O3: 14.74 | P3: 69.172617 | Q3: 32.093935 | R3: 2.1241106 | S3: 0.69661787 | T3: 0.34830893 | U3: 2 | V3: PREFERENCIAL | W3: 0 | X3: Sem déficits ou excessos configurados. | Y3: SIM | Z3: otimizacao_percentual_hierarquica
A4: 11 | B4: teste reuniao | C4: MISTA | D4: Mista - 50% volumoso fixo | E4: SIM | F4: Ovelhas | G4: Início da lactação | H4: 20 | I4: 0.2 | J4: 0.594 | K4: 50 | L4: 50 | M4: 50 | N4: 100 | O4: 18.676869 | P4: 71.409632 | Q4: 37.531198 | R4: 5.1373747 | S4: 1.1567071 | T4: 0.57835353 | U4: 2 | V4: PREFERENCIAL | W4: 0 | X4: Sem déficits ou excessos configurados. | Y4: SIM | Z4: heuristica_funcional
A5: 11 | B5: teste reuniao | C5: MISTA | D5: Mista - geração otimizada | E5: SIM | F5: Ovelhas | G5: Início da lactação | H5: 20 | I5: 0.2 | J5: 0.594 | L5: 40 | M5: 60 | N5: 100 | O5: 18.676869 | P5: 73.016194 | Q5: 33.578816 | R5: 5.7744663 | S5: 1.2844544 | T5: 0.64222721 | U5: 2 | V5: ACEITAVEL | W5: 0 | X5: Sem déficits ou excessos configurados. | Y5: SIM | Z5: otimizacao_percentual_hierarquica
A6: 14 | B6: teste reuniao | C6: MISTA | D6: Mista - 50% volumoso fixo | E6: SIM | F6: Ovelhas | G6: Início da lactação | H6: 20 | I6: 0.2 | J6: 0.594 | K6: 50 | L6: 50 | M6: 50 | N6: 100 | O6: 18.676869 | P6: 72.933718 | Q6: 32.955881 | R6: 3.2416515 | S6: 0.62289562 | T6: 0.27578564 | U6: 2.2586224 | V6: PREFERENCIAL | W6: 1 | X6: P deficit (34.5%) | Y6: SIM | Z6: heuristica_funcional
A7: 14 | B7: teste reuniao | C7: MISTA | D7: Mista - geração otimizada | E7: SIM | F7: Ovelhas | G7: Início da lactação | H7: 20 | I7: 0.2 | J7: 0.594 | L7: 52.25 | M7: 47.75 | N7: 100 | O7: 18.676869 | P7: 72.427869 | Q7: 33.879118 | R7: 3.2163129 | S7: 0.62289562 | T7: 0.27479632 | U7: 2.2667539 | V7: PREFERENCIAL | W7: 1 | X7: P deficit (34.7%) | Y7: SIM | Z7: otimizacao_percentual_hierarquica
A8: 17 | B8: teste 2 | C8: MISTA | D8: Mista - 50% volumoso fixo | E8: SIM | F8: Cordeiros(as) 4 meses | G8: Crescimento | H8: 20 | I8: 0.2 | J8: 0.594 | K8: 50 | L8: 50 | M8: 50 | N8: 100 | O8: 18.68715 | P8: 71.727273 | Q8: 34.724269 | R8: 3.084068 | S8: 0.631188 | T8: 0.278564 | U8: 2.2658635 | V8: PREFERENCIAL | W8: 1 | X8: P deficit (33.8%) | Y8: SIM | Z8: heuristica_funcional
A9: 17 | B9: teste 2 | C9: MISTA | D9: Mista - geração otimizada | E9: SIM | F9: Cordeiros(as) 4 meses | G9: Crescimento | H9: 20 | I9: 0.2 | J9: 0.594 | L9: 50.00377 | M9: 49.99623 | N9: 100 | O9: 18.676869 | P9: 71.729653 | Q9: 34.726353 | R9: 3.084186 | S9: 0.63119931 | T9: 0.27857116 | U9: 2.2658458 | V9: PREFERENCIAL | W9: 1 | X9: P deficit (33.8%) | Y9: SIM | Z9: otimizacao_percentual_hierarquica
A10: 21 | B10: teste 5 | C10: MISTA | D10: Mista - 50% volumoso fixo | E10: SIM | F10: Cordeiros(as) 4 meses | G10: Crescimento | H10: 20 | I10: 0.1 | J10: 0.596 | K10: 50 | L10: 50 | M10: 50 | N10: 100 | O10: 27.75864 | P10: 71.04197 | Q10: 35.15093 | R10: 2.42075 | S10: 0.68487 | T10: 0.37383 | U10: 1.832036 | V10: ACEITAVEL | W10: 1 | X10: PB excesso (123.4%) | Y10: SIM | Z10: heuristica_funcional
A11: 21 | B11: teste 5 | C11: MISTA | D11: Mista - geração otimizada | E11: SIM | F11: Cordeiros(as) 4 meses | G11: Crescimento | H11: 20 | I11: 0.1 | J11: 0.596 | L11: 86.397427 | M11: 13.602573 | N11: 100 | O11: 12.426107 | P11: 64.716753 | Q11: 49.688874 | R11: 2.9247845 | S11: 0.67428077 | T11: 0.23608978 | U11: 2.8560355 | V11: ACEITAVEL | W11: 1 | X11: P deficit (6.2%) | Y11: SIM | Z11: otimizacao_percentual_hierarquica
A12: 28 | B12: teste 5 | C12: MISTA | D12: Mista - 50% volumoso fixo | E12: SIM | F12: Cordeiros(as) 4 meses | G12: Crescimento | H12: 20 | I12: 0.2 | J12: 0.594 | K12: 50 | L12: 50 | M12: 50 | N12: 100 | O12: 18.676869 | P12: 69.506036 | Q12: 40.390926 | R12: 2.8820041 | S12: 0.84175084 | T12: 0.42087542 | U12: 2 | V12: ACEITAVEL | W12: 0 | X12: Sem déficits ou excessos configurados. | Y12: SIM | Z12: heuristica_funcional
A13: 28 | B13: teste 5 | C13: MISTA | D13: Mista - geração otimizada | E13: SIM | F13: Cordeiros(as) 4 meses | G13: Crescimento | H13: 20 | I13: 0.2 | J13: 0.594 | L13: 27.225 | M13: 72.775 | N13: 100 | O13: 18.676869 | P13: 73.047988 | Q13: 33.871448 | R13: 3.1115923 | S13: 0.98480026 | T13: 0.49240013 | U13: 2 | V13: PREFERENCIAL | W13: 0 | X13: Sem déficits ou excessos configurados. | Y13: SIM | Z13: otimizacao_percentual_hierarquica
A14: 29 | B14: teste 6 | C14: MISTA | D14: Mista - 50% volumoso fixo | E14: SIM | F14: Cordeiros(as) 4 meses | G14: Crescimento | H14: 20 | I14: 0.15 | J14: 0.76 | K14: 50 | L14: 50 | M14: 50 | N14: 100 | O14: 12.234497 | P14: 69.537484 | Q14: 41.06091 | R14: 3.2714889 | S14: 0.77512256 | T14: 0.38756128 | U14: 2 | V14: PREFERENCIAL | W14: 0 | X14: Sem déficits ou excessos configurados. | Y14: SIM | Z14: heuristica_funcional
A15: 29 | B15: teste 6 | C15: MISTA | D15: Mista - geração otimizada | E15: SIM | F15: Cordeiros(as) 4 meses | G15: Crescimento | H15: 20 | I15: 0.15 | J15: 0.76 | L15: 22.275 | M15: 77.725 | N15: 100 | O15: 12.246842 | P15: 72.998562 | Q15: 33.775062 | R15: 3.5142686 | S15: 1.2239852 | T15: 0.48959408 | U15: 2.5 | V15: PREFERENCIAL | W15: 0 | X15: Sem déficits ou excessos configurados. | Y15: SIM | Z15: otimizacao_percentual_hierarquica
A16: 30 | B16: teste 7 | C16: MISTA | D16: Mista - 50% volumoso fixo | E16: SIM | F16: Cordeiros(as) 4 meses | G16: Crescimento | H16: 20 | I16: 0.2 | J16: 0.614 | K16: 50 | L16: 50 | M16: 50 | N16: 100 | O16: 18.068176 | P16: 69.699886 | Q16: 39.962842 | R16: 2.9222802 | S16: 0.81433225 | T16: 0.40716612 | U16: 2 | V16: ACEITAVEL | W16: 0 | X16: Sem déficits ou excessos configurados. | Y16: SIM | Z16: heuristica_funcional
A17: 30 | B17: teste 7 | C17: MISTA | D17: Mista - geração otimizada | E17: SIM | F17: Cordeiros(as) 4 meses | G17: Crescimento | H17: 20 | I17: 0.2 | J17: 0.614 | L17: 24.75 | M17: 75.25 | N17: 100 | O17: 18.068176 | P17: 73.380238 | Q17: 33.369631 | R17: 3.172328 | S17: 1.0002131 | T17: 0.50010657 | U17: 2 | V17: PREFERENCIAL | W17: 0 | X17: Sem déficits ou excessos configurados. | Y17: SIM | Z17: otimizacao_percentual_hierarquica
A18: 32 | B18: teste 9 | C18: MISTA | D18: Mista - 50% volumoso fixo | E18: SIM | F18: Cordeiros(as) 4 meses | G18: Crescimento | H18: 50 | I18: -0.034 | J18: 1.88 | K18: 50 | L18: 50 | M18: 50 | N18: 100 | O18: 15.807872 | P18: 65.957447 | Q18: 45.055845 | R18: 3.0383573 | S18: 0.9974646 | T18: 0.49775547 | U18: 2.0039249 | V18: PREFERENCIAL | W18: 0 | X18: Sem déficits ou excessos configurados. | Y18: SIM | Z18: heuristica_funcional
A19: 32 | B19: teste 9 | C19: MISTA | D19: Mista - geração otimizada | E19: SIM | F19: Cordeiros(as) 4 meses | G19: Crescimento | H19: 50 | I19: -0.034 | J19: 1.88 | L19: 7.425 | M19: 92.575 | N19: 100 | O19: 15.807872 | P19: 66.392316 | Q19: 41.908035 | R19: 3.3141834 | S19: 2.0826532 | T19: 0.8330613 | U19: 2.5 | V19: PREFERENCIAL | W19: 0 | X19: Sem déficits ou excessos configurados. | Y19: SIM | Z19: otimizacao_percentual_hierarquica
A20: 33 | B20: 1_id4 | C20: CONCENTRADO | D20: 100% concentrado | E20: SIM | F20: Cordeiros(as) 4 meses | G20: Crescimento | H20: 20 | I20: 0.2 | J20: 0.594 | K20: 0 | L20: 0 | M20: 100 | N20: 100 | O20: 18.68878 | P20: 81.884746 | Q20: 17.042178 | R20: 3.494464 | S20: 0.807024 | T20: 0.382208 | U20: 2.1114786 | V20: PREFERENCIAL | W20: 2 | X20: FDN deficit (43.2%); P deficit (9.2%) | Y20: SIM | Z20: referencia_validada_exata:LIVRO-001
A21: 34 | B21: 2_id4 | C21: CONCENTRADO | D21: 100% concentrado | E21: SIM | F21: Cordeiros(as) 4 meses | G21: Crescimento | H21: 20 | I21: 0.2 | J21: 0.594 | K21: 0 | L21: 0 | M21: 100 | N21: 100 | O21: 18.688117 | P21: 79.412189 | Q21: 19.459716 | R21: 3.999797 | S21: 0.746782 | T21: 0.347206 | U21: 2.1508326 | V21: PREFERENCIAL | W21: 2 | X21: FDN deficit (35.1%); P deficit (17.5%) | Y21: SIM | Z21: referencia_validada_exata:LIVRO-002
A22: 35 | B22: 6_id6 | C22: CONCENTRADO | D22: 100% concentrado | E22: SIM | F22: Cordeiros(as) 4 meses | G22: Crescimento | H22: 20 | I22: 0.3 | J22: 0.608 | K22: 0 | L22: 0 | M22: 100 | N22: 100 | O22: 24.337624 | P22: 79.238983 | Q22: 20.351856 | R22: 3.115078 | S22: 1.02894 | T22: 0.496982 | U22: 2.0703768 | V22: PREFERENCIAL | W22: 2 | X22: FDN deficit (32.2%); P deficit (13.7%) | Y22: SIM | Z22: referencia_validada_exata:LIVRO-006
A23: 36 | B23: 7_id6 | C23: CONCENTRADO | D23: 100% concentrado | E23: SIM | F23: Cordeiros(as) 4 meses | G23: Crescimento | H23: 20 | I23: 0.3 | J23: 0.608 | K23: 0 | L23: 0 | M23: 100 | N23: 100 | O23: 24.33935 | P23: 79.27418 | Q23: 18.181058 | R23: 3.501334 | S23: 0.962708 | T23: 0.38598 | U23: 2.4941914 | V23: PREFERENCIAL | W23: 2 | X23: FDN deficit (39.4%); P deficit (32.9%) | Y23: SIM | Z23: referencia_validada_exata:LIVRO-007
A24: 37 | B24: 10_id8 | C24: CONCENTRADO | D24: 100% concentrado | E24: SIM | F24: Cordeiros(as) 4 meses | G24: Crescimento | H24: 30 | I24: 0.2 | J24: 1.053 | K24: 0 | L24: 0 | M24: 100 | N24: 100 | O24: 12.444288 | P24: 81.209609 | Q24: 19.883011 | R24: 3.859767 | S24: 0.818586 | T24: 0.396788 | U24: 2.0630311 | V24: PREFERENCIAL | W24: 1 | X24: FDN deficit (33.7%) | Y24: SIM | Z24: referencia_validada_exata:LIVRO-010
A25: 38 | B25: 11_id8 | C25: CONCENTRADO | D25: 100% concentrado | E25: SIM | F25: Cordeiros(as) 4 meses | G25: Crescimento | H25: 30 | I25: 0.2 | J25: 1.053 | K25: 0 | L25: 0 | M25: 100 | N25: 100 | O25: 12.437577 | P25: 79.477868 | Q25: 20.602523 | R25: 4.514926 | S25: 0.619396 | T25: 0.302798 | U25: 2.0455749 | V25: PREFERENCIAL | W25: 1 | X25: FDN deficit (31.3%) | Y25: SIM | Z25: referencia_validada_exata:LIVRO-011
A26: 39 | B26: 15_id11 | C26: CONCENTRADO | D26: 100% concentrado | E26: SIM | F26: Cordeiros(as) 4 meses | G26: Crescimento | H26: 30 | I26: 0.25 | J26: 1.074 | K26: 0 | L26: 0 | M26: 100 | N26: 100 | O26: 14.024314 | P26: 79.746679 | Q26: 22.137939 | R26: 3.743268 | S26: 0.92788 | T26: 0.4578 | U26: 2.0268239 | V26: PREFERENCIAL | W26: 1 | X26: FDN deficit (26.2%) | Y26: SIM | Z26: referencia_validada_exata:LIVRO-015
A27: 43 | B27: 16_id11 | C27: CONCENTRADO | D27: 100% concentrado | E27: SIM | F27: Cordeiros(as) 4 meses | G27: Crescimento | H27: 30 | I27: 0.25 | J27: 1.074 | K27: 0 | L27: 0 | M27: 100 | N27: 100 | O27: 14.019731 | P27: 79.757526 | Q27: 19.796913 | R27: 4.331589 | S27: 0.687358 | T27: 0.31163 | U27: 2.2056862 | V27: PREFERENCIAL | W27: 1 | X27: FDN deficit (34.0%) | Y27: SIM | Z27: referencia_validada_exata:LIVRO-016
A28: 44 | B28: 1_id4 v2 | C28: CONCENTRADO | D28: 100% concentrado | E28: SIM | F28: Cordeiros(as) 4 meses | G28: Crescimento | H28: 20 | I28: 0.2 | J28: 0.594 | K28: 0 | L28: 0 | M28: 100 | N28: 100 | O28: 18.68878 | P28: 81.884746 | Q28: 17.042178 | R28: 3.494464 | S28: 0.807024 | T28: 0.382208 | U28: 2.1114786 | V28: PREFERENCIAL | W28: 2 | X28: FDN deficit (43.2%); P deficit (9.2%) | Y28: SIM | Z28: referencia_validada_exata:LIVRO-001
A29: 45 | B29: 2_id4 v2 | C29: CONCENTRADO | D29: 100% concentrado | E29: SIM | F29: Cordeiros(as) 4 meses | G29: Crescimento | H29: 20 | I29: 0.2 | J29: 0.594 | K29: 0 | L29: 0 | M29: 100 | N29: 100 | O29: 18.688117 | P29: 79.412189 | Q29: 19.459716 | R29: 3.999797 | S29: 0.746782 | T29: 0.347206 | U29: 2.1508326 | V29: PREFERENCIAL | W29: 2 | X29: FDN deficit (35.1%); P deficit (17.5%) | Y29: SIM | Z29: referencia_validada_exata:LIVRO-002
A30: 46 | B30: 6_id6 v2 | C30: CONCENTRADO | D30: 100% concentrado | E30: SIM | F30: Cordeiros(as) 4 meses | G30: Crescimento | H30: 20 | I30: 0.3 | J30: 0.608 | K30: 0 | L30: 0 | M30: 100 | N30: 100 | O30: 24.337624 | P30: 79.238983 | Q30: 20.351856 | R30: 3.115078 | S30: 1.02894 | T30: 0.496982 | U30: 2.0703768 | V30: PREFERENCIAL | W30: 2 | X30: FDN deficit (32.2%); P deficit (13.7%) | Y30: SIM | Z30: referencia_validada_exata:LIVRO-006
A31: 47 | B31: 7_id6 v2 | C31: CONCENTRADO | D31: 100% concentrado | E31: SIM | F31: Cordeiros(as) 4 meses | G31: Crescimento | H31: 20 | I31: 0.3 | J31: 0.626 | K31: 0 | L31: 0 | M31: 100 | N31: 100 | O31: 23.801917 | P31: 80.646849 | Q31: 16.944262 | R31: 3.4294263 | S31: 0.81469649 | T31: 0.37656703 | U31: 2.1634833 | V31: PREFERENCIAL | W31: 2 | X31: FDN deficit (43.5%); P deficit (32.6%) | Y31: SIM | Z31: heuristica_funcional
... A66: 84 | B66: atz75 | C66: MISTA | D66: Mista - 50% volumoso fixo | E66: SIM | F66: Cordeiros(as) 4 meses | G66: Crescimento | H66: 20 | I66: 0.2 | J66: 0.594 | K66: 50 | L66: 50 | M66: 50 | N66: 100 | O66: 18.676869 | P66: 71.747816 | Q66: 34.727127 | R66: 3.0857388 | S66: 0.62289562 | T66: 0.27851764 | U66: 2.2364674 | V66: PREFERENCIAL | W66: 1 | X66: P deficit (33.8%) | Y66: SIM | Z66: heuristica_funcional
A67: 84 | B67: atz75 | C67: MISTA | D67: Mista - geração otimizada | E67: SIM | F67: Cordeiros(as) 4 meses | G67: Crescimento | H67: 20 | I67: 0.2 | J67: 0.594 | L67: 47.5 | M67: 52.5 | N67: 100 | O67: 18.676869 | P67: 72.309871 | Q67: 33.701308 | R67: 3.1138928 | S67: 0.62289562 | T67: 0.27961689 | U67: 2.2276752 | V67: PREFERENCIAL | W67: 1 | X67: P deficit (33.6%) | Y67: SIM | Z67: otimizacao_percentual_hierarquica
A68: 85 | B68: zoot25-1 | C68: MISTA | D68: Mista - 50% volumoso fixo | E68: SIM | F68: Cordeiros(as) 4 meses | G68: Crescimento | H68: 20 | I68: 0.2 | J68: 0.594 | K68: 50 | L68: 50 | M68: 50 | N68: 100 | O68: 18.676869 | P68: 72.294613 | Q68: 34.945844 | R68: 2.9641907 | S68: 0.62289562 | T68: 0.30296807 | U68: 2.0559778 | V68: PREFERENCIAL | W68: 1 | X68: P deficit (28.0%) | Y68: SIM | Z68: heuristica_funcional
A69: 85 | B69: zoot25-1 | C69: MISTA | D69: Mista - geração otimizada | E69: SIM | F69: Cordeiros(as) 4 meses | G69: Crescimento | H69: 20 | I69: 0.2 | J69: 0.594 | L69: 47.5 | M69: 52.5 | N69: 100 | O69: 18.676869 | P69: 72.856668 | Q69: 33.920025 | R69: 2.9923447 | S69: 0.62289562 | T69: 0.30406731 | U69: 2.0485452 | V69: PREFERENCIAL | W69: 1 | X69: P deficit (27.8%) | Y69: SIM | Z69: otimizacao_percentual_hierarquica
A70: 86 | B70: aula dieta total | C70: MISTA | D70: Mista - 50% volumoso fixo | E70: SIM | F70: Cordeiros(as) 4 meses | G70: Crescimento | H70: 20 | I70: 0.2 | J70: 0.594 | K70: 50 | L70: 50 | M70: 50 | N70: 100 | O70: 18.68 | P70: 72.29425 | Q70: 34.94593 | R70: 2.9640019 | S70: 0.62289562 | T70: 0.30299344 | U70: 2.0558057 | V70: PREFERENCIAL | W70: 1 | X70: P deficit (28.0%) | Y70: SIM | Z70: heuristica_funcional
A71: 86 | B71: aula dieta total | C71: MISTA | D71: Mista - geração otimizada | E71: SIM | F71: Cordeiros(as) 4 meses | G71: Crescimento | H71: 20 | I71: 0.2 | J71: 0.594 | L71: 47.5 | M71: 52.5 | N71: 100 | O71: 18.68 | P71: 72.856305 | Q71: 33.920111 | R71: 2.9921559 | S71: 0.62289562 | T71: 0.30409268 | U71: 2.0483742 | V71: PREFERENCIAL | W71: 1 | X71: P deficit (27.7%) | Y71: SIM | Z71: otimizacao_percentual_hierarquica
A72: 87 | B72: atz1 | C72: MISTA | D72: Mista - 50% volumoso fixo | E72: SIM | F72: Cordeiros(as) 4 meses | G72: Crescimento | H72: 20 | I72: 0.2 | J72: 0.594 | K72: 50 | L72: 50 | M72: 50 | N72: 100 | O72: 18.68 | P72: 71.422695 | Q72: 34.804426 | R72: 2.9166755 | S72: 0.62289562 | T72: 0.30122941 | U72: 2.0678447 | V72: PREFERENCIAL | W72: 1 | X72: P deficit (28.4%) | Y72: SIM | Z72: heuristica_funcional
A73: 87 | B73: atz1 | C73: MISTA | D73: Mista - geração otimizada | E73: SIM | F73: Cordeiros(as) 4 meses | G73: Crescimento | H73: 20 | I73: 0.2 | J73: 0.594 | L73: 47.025 | M73: 52.975 | N73: 100 | O73: 18.68 | P73: 72.091541 | Q73: 33.583701 | R73: 2.9501787 | S73: 0.62289562 | T73: 0.30253751 | U73: 2.0589038 | V73: PREFERENCIAL | W73: 1 | X73: P deficit (28.1%) | Y73: SIM | Z73: otimizacao_percentual_hierarquica
A74: 88 | B74: ovino 2 24-42 | C74: MISTA | D74: Mista - 50% volumoso fixo | E74: SIM | F74: Cordeiros(as) 4 meses | G74: Crescimento | H74: 20 | I74: 0.1 | J74: 0.596 | K74: 50 | L74: 50 | M74: 50 | N74: 100 | O74: 12.406107 | P74: 68.717197 | Q74: 40.572871 | R74: 3.4484053 | S74: 0.69552208 | T74: 0.34776104 | U74: 2 | V74: PREFERENCIAL | W74: 0 | X74: Sem déficits ou excessos configurados. | Y74: SIM | Z74: heuristica_funcional
A75: 88 | B75: ovino 2 24-42 | C75: MISTA | D75: Mista - geração otimizada | E75: SIM | F75: Cordeiros(as) 4 meses | G75: Crescimento | H75: 20 | I75: 0.1 | J75: 0.596 | L75: 44.55 | M75: 55.45 | N75: 100 | O75: 12.406107 | P75: 69.41189 | Q75: 39.154723 | R75: 3.5297123 | S75: 0.72675931 | T75: 0.36337966 | U75: 2 | V75: ACEITAVEL | W75: 0 | X75: Sem déficits ou excessos configurados. | Y75: SIM | Z75: otimizacao_percentual_hierarquica
A76: 89 | B76: zoot38 | C76: MISTA | D76: Mista - 50% volumoso fixo | E76: SIM | F76: Cordeiros(as) 4 meses | G76: Crescimento | H76: 20 | I76: 0.2 | J76: 0.594 | K76: 50 | L76: 50 | M76: 50 | N76: 100 | O76: 18.676869 | P76: 71.739518 | Q76: 34.72578 | R76: 3.0852883 | S76: 0.62289562 | T76: 0.27871731 | U76: 2.2348652 | V76: PREFERENCIAL | W76: 1 | X76: P deficit (33.8%) | Y76: SIM | Z76: heuristica_funcional
A77: 89 | B77: zoot38 | C77: MISTA | D77: Mista - geração otimizada | E77: SIM | F77: Cordeiros(as) 4 meses | G77: Crescimento | H77: 20 | I77: 0.2 | J77: 0.594 | L77: 47.5 | M77: 52.5 | N77: 100 | O77: 18.676869 | P77: 72.301426 | Q77: 33.699937 | R77: 3.1134342 | S77: 0.62289562 | T77: 0.2798201 | U77: 2.2260574 | V77: PREFERENCIAL | W77: 1 | X77: P deficit (33.5%) | Y77: SIM | Z77: otimizacao_percentual_hierarquica
A78: 90 | B78: ovelhas inicio lac arroz farelo | C78: CONCENTRADO | D78: 100% concentrado | E78: SIM | F78: Cordeiros(as) 4 meses | G78: Crescimento | H78: 60 | I78: -0.029 | J78: 1.806 | K78: 0 | L78: 0 | M78: 100 | N78: 100 | O78: 14.839424 | P78: 80.706325 | Q78: 16.696643 | R78: 7 | S78: 1.4341756 | T78: 0.6951441 | U78: 2.0631342 | V78: PREFERENCIAL | W78: 1 | X78: FDN deficit (44.3%) | Y78: SIM | Z78: heuristica_funcional
A79: 91 | B79: ppi volumoso | C79: MISTA | D79: Mista - 50% volumoso fixo | E79: SIM | F79: Cordeiros(as) 4 meses | G79: Crescimento | H79: 20 | I79: 0.2 | J79: 0.594 | K79: 50 | L79: 50 | M79: 50 | N79: 100 | O79: 18.696869 | P79: 70.757304 | Q79: 34.697177 | R79: 2.8796328 | S79: 0.90136107 | T79: 0.30045369 | U79: 3 | V79: ACEITAVEL | W79: 1 | X79: P deficit (28.6%) | Y79: NÃO | Z79: heuristica_funcional
A80: 91 | B80: ppi volumoso | C80: MISTA | D80: Mista - geração otimizada | E80: SIM | F80: Cordeiros(as) 4 meses | G80: Crescimento | H80: 20 | I80: 0.2 | J80: 0.594 | L80: 39.6 | M80: 60.4 | N80: 100 | O80: 18.676869 | P80: 73.066267 | Q80: 30.424103 | R80: 2.9962488 | S80: 0.91448236 | T80: 0.30482745 | U80: 3 | V80: ACEITAVEL | W80: 1 | X80: P deficit (27.6%) | Y80: SIM | Z80: otimizacao_percentual_hierarquica
A81: 92 | B81: pp1 alto concentrado | C81: MISTA | D81: Mista - 50% volumoso fixo | E81: SIM | F81: Cordeiros(as) 4 meses | G81: Crescimento | H81: 20 | I81: 0.2 | J81: 0.594 | K81: 50 | L81: 50 | M81: 50 | N81: 100 | O81: 18.676869 | P81: 67.545373 | Q81: 39.363528 | R81: 2.2453689 | S81: 0.66343741 | T81: 0.33171871 | U81: 2 | V81: PREFERENCIAL | W81: 1 | X81: P deficit (21.2%) | Y81: SIM | Z81: heuristica_funcional
A82: 92 | B82: pp1 alto concentrado | C82: MISTA | D82: Mista - geração otimizada | E82: SIM | F82: Cordeiros(as) 4 meses | G82: Crescimento | H82: 20 | I82: 0.2 | J82: 0.594 | L82: 37.125 | M82: 62.875 | N82: 100 | O82: 18.676869 | P82: 71.399012 | Q82: 32.900165 | R82: 2.5611299 | S82: 0.65903988 | T82: 0.32951994 | U82: 2 | V82: ACEITAVEL | W82: 1 | X82: P deficit (21.7%) | Y82: SIM | Z82: otimizacao_percentual_hierarquica
A83: 93 | B83: milho e soja | C83: CONCENTRADO | D83: 100% concentrado | E83: SIM | F83: Cordeiros(as) 4 meses | G83: Crescimento | H83: 20 | I83: 0.2 | J83: 0.594 | K83: 0 | L83: 0 | M83: 100 | N83: 100 | O83: 18.686869 | P83: 82.5597 | Q83: 14.271465 | R83: 3.4737315 | S83: 0.66218596 | T83: 0.32337461 | U83: 2.0477364 | V83: PREFERENCIAL | W83: 2 | X83: FDN deficit (52.4%); P deficit (23.2%) | Y83: SIM | Z83: referencia_validada_guia:LIVRO-003
A84: 94 | B84: ovelha g tardia | C84: CONCENTRADO | D84: 100% concentrado | E84: SIM | F84: Cordeiros(as) 4 meses | G84: Crescimento | H84: 70 | I84: 0.181 | J84: 1.827 | K84: 0 | L84: 0 | M84: 100 | N84: 100 | O84: 10.01642 | P84: 83.893321 | Q84: 14.08562 | R84: 4.0144761 | S84: 0.52229325 | T84: 0.25371028 | U84: 2.0586208 | V84: PREFERENCIAL | W84: 2 | X84: FDN deficit (53.0%); P deficit (12.5%) | Y84: SIM | Z84: heuristica_funcional
A85: 95 | B85: ovelha ini lactação | C85: CONCENTRADO | D85: 100% concentrado | E85: SIM | F85: Cordeiros(as) 4 meses | G85: Crescimento | H85: 70 | I85: -0.031 | J85: 1.981 | K85: 0 | L85: 0 | M85: 100 | N85: 100 | O85: 14.74003 | P85: 83.165362 | Q85: 14.186638 | R85: 3.719805 | S85: 0.59910499 | T85: 0.29166063 | U85: 2.0541167 | V85: PREFERENCIAL | W85: 2 | X85: FDN deficit (52.7%); P deficit (16.3%) | Y85: SIM | Z85: heuristica_funcional
A86: 96 | B86: creep feeding | C86: CONCENTRADO | D86: 100% concentrado | E86: SIM | F86: Cordeiros(as) 4 meses | G86: Crescimento | H86: 20 | I86: 0.2 | J86: 0.594 | K86: 0 | L86: 0 | M86: 100 | N86: 100 | O86: 18.686869 | P86: 80.032203 | Q86: 18.743408 | R86: 3.4339321 | S86: 0.85752729 | T86: 0.42087542 | U86: 2.0374848 | V86: PREFERENCIAL | W86: 1 | X86: FDN deficit (37.5%) | Y86: SIM | Z86: referencia_validada_guia:LIVRO-003
A87: 97 | B87: creep feedinf farelo de arroz | C87: CONCENTRADO | D87: 100% concentrado | E87: SIM | F87: Cordeiros(as) 4 meses | G87: Crescimento | H87: 20 | I87: 0.2 | J87: 0.594 | K87: 0 | L87: 0 | M87: 100 | N87: 100 | O87: 18.686869 | P87: 81.290553 | Q87: 15.570342 | R87: 5.1762957 | S87: 1.0891311 | T87: 0.53237981 | U87: 2.0457784 | V87: PREFERENCIAL | W87: 1 | X87: FDN deficit (48.1%) | Y87: SIM | Z87: referencia_validada_guia:LIVRO-003
A88: 98 | B88: creep feeding s/ trigo | C88: CONCENTRADO | D88: 100% concentrado | E88: SIM | F88: Cordeiros(as) 4 meses | G88: Crescimento | H88: 20 | I88: 0.2 | J88: 0.594 | K88: 0 | L88: 0 | M88: 100 | N88: 100 | O88: 18.686869 | P88: 82.5597 | Q88: 14.271465 | R88: 3.4737315 | S88: 0.66218596 | T88: 0.32337461 | U88: 2.0477364 | V88: PREFERENCIAL | W88: 2 | X88: FDN deficit (52.4%); P deficit (23.2%) | Y88: SIM | Z88: referencia_validada_guia:LIVRO-003
A89: 99 | B89: reuniao teste | C89: MISTA | D89: Mista - 50% volumoso fixo | E89: SIM | F89: Cordeiros(as) 4 meses | G89: Crescimento | H89: 20 | I89: 0.2 | J89: 0.594 | K89: 50 | L89: 50 | M89: 50 | N89: 100 | O89: 18.676869 | P89: 71.747816 | Q89: 34.727127 | R89: 3.0857388 | S89: 0.62289562 | T89: 0.27851764 | U89: 2.2364674 | V89: PREFERENCIAL | W89: 1 | X89: P deficit (33.8%) | Y89: SIM | Z89: heuristica_funcional
A90: 99 | B90: reuniao teste | C90: MISTA | D90: Mista - geração otimizada | E90: SIM | F90: Cordeiros(as) 4 meses | G90: Crescimento | H90: 20 | I90: 0.2 | J90: 0.594 | L90: 47.5 | M90: 52.5 | N90: 100 | O90: 18.676869 | P90: 72.309871 | Q90: 33.701308 | R90: 3.1138928 | S90: 0.62289562 | T90: 0.27961689 | U90: 2.2276752 | V90: PREFERENCIAL | W90: 1 | X90: P deficit (33.6%) | Y90: SIM | Z90: otimizacao_percentual_hierarquica
A91: 100 | B91: palestra | C91: MISTA | D91: Mista - 50% volumoso fixo | E91: SIM | F91: Cordeiros(as) 4 meses | G91: Crescimento | H91: 20 | I91: 0.2 | J91: 0.594 | K91: 50 | L91: 50 | M91: 50 | N91: 100 | O91: 18.68 | P91: 71.739155 | Q91: 34.725866 | R91: 3.0850994 | S91: 0.62289562 | T91: 0.27874267 | U91: 2.2346619 | V91: PREFERENCIAL | W91: 1 | X91: P deficit (33.8%) | Y91: SIM | Z91: heuristica_funcional
A92: 100 | B92: palestra | C92: MISTA | D92: Mista - geração otimizada | E92: SIM | F92: Cordeiros(as) 4 meses | G92: Crescimento | H92: 20 | I92: 0.2 | J92: 0.594 | L92: 47.5 | M92: 52.5 | N92: 100 | O92: 18.68 | P92: 72.301063 | Q92: 33.700024 | R92: 3.1132454 | S92: 0.62289562 | T92: 0.27984546 | U92: 2.2258557 | V92: PREFERENCIAL | W92: 1 | X92: P deficit (33.5%) | Y92: SIM | Z92: otimizacao_percentual_hierarquica
A93: 101 | B93: 1_id4 | C93: CONCENTRADO | D93: 100% concentrado | E93: SIM | F93: Cordeiros(as) 4 meses | G93: Crescimento | H93: 20 | I93: 0.2 | J93: 0.594 | K93: 0 | L93: 0 | M93: 100 | N93: 100 | O93: 18.68878 | P93: 81.884746 | Q93: 17.042178 | R93: 3.494464 | S93: 0.807024 | T93: 0.382208 | U93: 2.1114786 | V93: PREFERENCIAL | W93: 2 | X93: FDN deficit (43.2%); P deficit (9.2%) | Y93: SIM | Z93: referencia_validada_exata:LIVRO-001
A94: 102 | B94: 16_id11 | C94: CONCENTRADO | D94: 100% concentrado | E94: SIM | F94: Cordeiros(as) 4 meses | G94: Crescimento | H94: 30 | I94: 0.25 | J94: 1.074 | K94: 0 | L94: 0 | M94: 100 | N94: 100 | O94: 14.019731 | P94: 79.757526 | Q94: 19.796913 | R94: 4.331589 | S94: 0.687358 | T94: 0.31163 | U94: 2.2056862 | V94: PREFERENCIAL | W94: 1 | X94: FDN deficit (34.0%) | Y94: SIM | Z94: referencia_validada_exata:LIVRO-016
A95: 103 | B95: 2 24-2 | C95: CONCENTRADO | D95: 100% concentrado | E95: SIM | F95: Cordeiros(as) 4 meses | G95: Crescimento | H95: 60 | I95: -0.029 | J95: 1.806 | K95: 0 | L95: 0 | M95: 100 | N95: 100 | O95: 14.839424 | P95: 80.706325 | Q95: 16.696643 | R95: 7 | S95: 1.4341756 | T95: 0.6951441 | U95: 2.0631342 | V95: PREFERENCIAL | W95: 1 | X95: FDN deficit (44.3%) | Y95: SIM | Z95: heuristica_funcional

Sheet Dados Ingredientes
A1: Formulação ID | B1: Cenário | C1: Ingrediente ID | D1: Tipo | E1: Ingrediente | F1: Classificação | G1: Origem participação | H1: % MS persistida | I1: % MS recalculada | J1: MS ingrediente (%) | K1: MN (100 kg) | L1: MN (300 kg) | M1: PB ing. (%) | N1: NDT ing. (%) | O1: FDN ing. (%) | P1: EE ing. (%) | Q1: Ca ing. (%) | R1: P ing. (%) | S1: Contrib. PB | T1: Contrib. NDT | U1: Contrib. FDN | V1: Contrib. EE | W1: Contrib. Ca | X1: Contrib. P
A2: 7 | B2: Mista - geração otimizada | C2: 185 | D2: Energético | E2: Milho Gão Silagem | F2: Concentrado | G2: CALCULADA | H2: 10 | I2: 0 | J2: 71.82 | K2: =IF(J2>0,(I2/J2)/SUMPRODUCT($I$2:$I$7/$J$2:$J$7)*100,"") -> 0 | L2: =IF(K2<>"",K2*3,"") -> 0 | M2: 9.84 | N2: 84.09 | O2: 11.73 | P2: 5.31 | Q2: 0.03 | R2: 0.25 | S2: =I2/100*M2 -> 0 | T2: =I2/100*N2 -> 0 | U2: =I2/100*O2 -> 0 | V2: =I2/100*P2 -> 0 | W2: =I2/100*Q2 -> 0 | X2: =I2/100*R2 -> 0
A3: 7 | B3: Mista - geração otimizada | C3: 172 | D3: Energético | E3: Arroz Farelo Integral | F3: Concentrado | G3: CALCULADA | H3: 0 | I3: 7.3665356 | J3: 88.98 | K3: =IF(J3>0,(I3/J3)/SUMPRODUCT($I$2:$I$7/$J$2:$J$7)*100,"") -> 7.2976159 | L3: =IF(K3<>"",K3*3,"") -> 21.892848 | M3: 13.73 | N3: 83.51 | O3: 24.43 | P3: 15.84 | Q3: 0.11 | R3: 1.72 | S3: =I3/100*M3 -> 1.0114253 | T3: =I3/100*N3 -> 6.1517939 | U3: =I3/100*O3 -> 1.7996447 | V3: =I3/100*P3 -> 1.1668592 | W3: =I3/100*Q3 -> 0.0081031892 | X3: =I3/100*R3 -> 0.12670441
A4: 7 | B4: Mista - geração otimizada | C4: 213 | D4: Mineral | E4: Calcário calcítico | F4: Concentrado | G4: CALCULADA | H4: 0 | I4: 0.043549621 | J4: 99.89 | K4: =IF(J4>0,(I4/J4)/SUMPRODUCT($I$2:$I$7/$J$2:$J$7)*100,"") -> 0.038430185 | L4: =IF(K4<>"",K4*3,"") -> 0.11529055 | M4: 0 | N4: 0 | O4: 0 | P4: 0 | Q4: 37.35 | R4: 0.01 | S4: =I4/100*M4 -> 0 | T4: =I4/100*N4 -> 0 | U4: =I4/100*O4 -> 0 | V4: =I4/100*P4 -> 0 | W4: =I4/100*Q4 -> 0.016265783 | X4: =I4/100*R4 -> 4.3549621e-06
A5: 7 | B5: Mista - geração otimizada | C5: 121 | D5: Forragens Secas | E5: Capim Tanzânia Feno | F5: Volumoso | G5: MANUAL_TRAVADA | H5: 50 | I5: 50 | J5: 86.81 | K5: =IF(J5>0,(I5/J5)/SUMPRODUCT($I$2:$I$7/$J$2:$J$7)*100,"") -> 50.770374 | L5: =IF(K5<>"",K5*3,"") -> 152.31112 | M5: 7.65 | N5: 34.54 | O5: 70.04 | P5: 1.59 | Q5: 0.6 | R5: 0.04 | S5: =I5/100*M5 -> 3.825 | T5: =I5/100*N5 -> 17.27 | U5: =I5/100*O5 -> 35.02 | V5: =I5/100*P5 -> 0.795 | W5: =I5/100*Q5 -> 0.3 | X5: =I5/100*R5 -> 0.02
A6: 7 | B6: Mista - geração otimizada | C6: 117 | D6: Forragens Secas | E6: Capim Bráquiaria Brazintha Feno | F6: Volumoso | G6: MANUAL_TRAVADA | H6: 40 | I6: 40 | J6: 89.65 | K6: =IF(J6>0,(I6/J6)/SUMPRODUCT($I$2:$I$7/$J$2:$J$7)*100,"") -> 39.329625 | L6: =IF(K6<>"",K6*3,"") -> 117.98888 | M6: 4.09 | N6: 40.3 | O6: 78.46 | P6: 0.92 | Q6: 0.39 | R6: 0.1 | S6: =I6/100*M6 -> 1.636 | T6: =I6/100*N6 -> 16.12 | U6: =I6/100*O6 -> 31.384 | V6: =I6/100*P6 -> 0.368 | W6: =I6/100*Q6 -> 0.156 | X6: =I6/100*R6 -> 0.04
A7: 7 | B7: Mista - geração otimizada | C7: 183 | D7: Energético | E7: Milheto Grão | F7: Concentrado | G7: CALCULADA | H7: 0 | I7: 2.5899147 | J7: 89.04 | K7: =IF(J7>0,(I7/J7)/SUMPRODUCT($I$2:$I$7/$J$2:$J$7)*100,"") -> 2.5639552 | L7: =IF(K7<>"",K7*3,"") -> 7.6918655 | M7: 15.43 | N7: 77.42 | O7: 21.48 | P7: 4.75 | Q7: 0.05 | R7: 0.23 | S7: =I7/100*M7 -> 0.39962384 | T7: =I7/100*N7 -> 2.005112 | U7: =I7/100*O7 -> 0.55631368 | V7: =I7/100*P7 -> 0.12302095 | W7: =I7/100*Q7 -> 0.0012949574 | X7: =I7/100*R7 -> 0.0059568039
A8: 8 | B8: 100% concentrado | C8: 182 | D8: Energético | E8: Mihho Desintegrado Com Palha e Sabugo | F8: Concentrado | G8: CALCULADA | H8: 91.442921 | I8: 15.277334 | J8: 87.9 | K8: =IF(J8>0,(I8/J8)/SUMPRODUCT($I$8:$I$11/$J$8:$J$11)*100,"") -> 15.285687 | L8: =IF(K8<>"",K8*3,"") -> 45.857062 | M8: 8.07 | N8: 63.71 | O8: 38.2 | P8: 2.99 | Q8: 0.05 | R8: 0.22 | S8: =I8/100*M8 -> 1.2328809 | T8: =I8/100*N8 -> 9.7331898 | U8: =I8/100*O8 -> 5.8359418 | V8: =I8/100*P8 -> 0.4567923 | W8: =I8/100*Q8 -> 0.0076386672 | X8: =I8/100*R8 -> 0.033610136
A9: 8 | B9: 100% concentrado | C9: 188 | D9: Energético | E9: Milho Grão | F9: Concentrado | G9: CALCULADA | H9: 4.1074862 | I9: 81.340492 | J9: 87.78 | K9: =IF(J9>0,(I9/J9)/SUMPRODUCT($I$8:$I$11/$J$8:$J$11)*100,"") -> 81.496223 | L9: =IF(K9<>"",K9*3,"") -> 244.48867 | M9: 9.1 | N9: 86.03 | O9: 14.39 | P9: 4.18 | Q9: 0.03 | R9: 0.25 | S9: =I9/100*M9 -> 7.4019847 | T9: =I9/100*N9 -> 69.977225 | U9: =I9/100*O9 -> 11.704897 | V9: =I9/100*P9 -> 3.4000326 | W9: =I9/100*Q9 -> 0.024402148 | X9: =I9/100*R9 -> 0.20335123
A10: 8 | B10: 100% concentrado | C10: 213 | D10: Mineral | E10: Calcário calcítico | F10: Concentrado | G10: CALCULADA | H10: 0.525389 | I10: 1.266093 | J10: 99.89 | K10: =IF(J10>0,(I10/J10)/SUMPRODUCT($I$8:$I$11/$J$8:$J$11)*100,"") -> 1.1147304 | L10: =IF(K10<>"",K10*3,"") -> 3.3441912 | M10: 0 | N10: 0 | O10: 0 | P10: 0 | Q10: 37.35 | R10: 0.01 | S10: =I10/100*M10 -> 0 | T10: =I10/100*N10 -> 0 | U10: =I10/100*O10 -> 0 | V10: =I10/100*P10 -> 0 | W10: =I10/100*Q10 -> 0.47288573 | X10: =I10/100*R10 -> 0.0001266093
A11: 8 | B11: 100% concentrado | C11: 208 | D11: Proteico | E11: Soja Farelo | F11: Concentrado | G11: CALCULADA | H11: 3.9242036 | I11: 2.1160809 | J11: 88.48 | K11: =IF(J11>0,(I11/J11)/SUMPRODUCT($I$8:$I$11/$J$8:$J$11)*100,"") -> 2.103359 | L11: =IF(K11<>"",K11*3,"") -> 6.3100771 | M11: 48.76 | N11: 80.73 | O11: 15.37 | P11: 1.75 | Q11: 0.33 | R11: 0.57 | S11: =I11/100*M11 -> 1.031801 | T11: =I11/100*N11 -> 1.7083121 | U11: =I11/100*O11 -> 0.32524163 | V11: =I11/100*P11 -> 0.037031415 | W11: =I11/100*Q11 -> 0.0069830669 | X11: =I11/100*R11 -> 0.012061661
A12: 10 | B12: Mista - 50% volumoso fixo | C12: 168 | D12: Silagens | E12: Milho, Silagem | F12: Volumoso | G12: CALCULADA | H12: 47.474949 | I12: 50 | J12: 31.59 | K12: =IF(J12>0,(I12/J12)/SUMPRODUCT($I$12:$I$16/$J$12:$J$16)*100,"") -> 74.004558 | L12: =IF(K12<>"",K12*3,"") -> 222.01368 | M12: 7.27 | N12: 63.13 | O12: 55.27 | P12: 3.13 | Q12: 0.3 | R12: 0.19 | S12: =I12/100*M12 -> 3.635 | T12: =I12/100*N12 -> 31.565 | U12: =I12/100*O12 -> 27.635 | V12: =I12/100*P12 -> 1.565 | W12: =I12/100*Q12 -> 0.15 | X12: =I12/100*R12 -> 0.095
A13: 10 | B13: Mista - 50% volumoso fixo | C13: 178 | D13: Energético | E13: Mandioca Farinha | F13: Concentrado | G13: CALCULADA | H13: 23.835862 | I13: 22.797269 | J13: 90.77 | K13: =IF(J13>0,(I13/J13)/SUMPRODUCT($I$12:$I$16/$J$12:$J$16)*100,"") -> 11.742987 | L13: =IF(K13<>"",K13*3,"") -> 35.228961 | M13: 1.6 | N13: 84.95 | O13: 9.67 | P13: 0.99 | Q13: 0.18 | R13: 0.03 | S13: =I13/100*M13 -> 0.36475631 | T13: =I13/100*N13 -> 19.36628 | U13: =I13/100*O13 -> 2.2044959 | V13: =I13/100*P13 -> 0.22569297 | W13: =I13/100*Q13 -> 0.041035085 | X13: =I13/100*R13 -> 0.0068391808
A14: 10 | B14: Mista - 50% volumoso fixo | C14: 208 | D14: Proteico | E14: Soja Farelo | F14: Concentrado | G14: CALCULADA | H14: 24.667303 | I14: 22.026751 | J14: 88.48 | K14: =IF(J14>0,(I14/J14)/SUMPRODUCT($I$12:$I$16/$J$12:$J$16)*100,"") -> 11.639744 | L14: =IF(K14<>"",K14*3,"") -> 34.919231 | M14: 48.76 | N14: 80.73 | O14: 15.37 | P14: 1.75 | Q14: 0.33 | R14: 0.57 | S14: =I14/100*M14 -> 10.740244 | T14: =I14/100*N14 -> 17.782196 | U14: =I14/100*O14 -> 3.3855116 | V14: =I14/100*P14 -> 0.38546814 | W14: =I14/100*Q14 -> 0.072688278 | X14: =I14/100*R14 -> 0.12555248
A15: 10 | B15: Mista - 50% volumoso fixo | C15: 213 | D15: Mineral | E15: Calcário calcítico | F15: Concentrado | G15: CALCULADA | H15: 0.31986647 | I15: 1.1221188 | J15: 99.89 | K15: =IF(J15>0,(I15/J15)/SUMPRODUCT($I$12:$I$16/$J$12:$J$16)*100,"") -> 0.52523653 | L15: =IF(K15<>"",K15*3,"") -> 1.5757096 | M15: 0 | N15: 0 | O15: 0 | P15: 0 | Q15: 37.35 | R15: 0.01 | S15: =I15/100*M15 -> 0 | T15: =I15/100*N15 -> 0 | U15: =I15/100*O15 -> 0 | V15: =I15/100*P15 -> 0 | W15: =I15/100*Q15 -> 0.41911138 | X15: =I15/100*R15 -> 0.00011221188
A16: 10 | B16: Mista - 50% volumoso fixo | C16: 214 | D16: Mineral | E16: Cromo Orgânico | F16: Concentrado | G16: CALCULADA | H16: 3.7020187 | I16: 4.0538612 | J16: 90.8 | K16: =IF(J16>0,(I16/J16)/SUMPRODUCT($I$12:$I$16/$J$12:$J$16)*100,"") -> 2.0874742 | L16: =IF(K16<>"",K16*3,"") -> 6.2624226 | M16: 0 | N16: 0 | O16: 0 | P16: 0 | Q16: 0.34 | R16: 2.98 | S16: =I16/100*M16 -> 0 | T16: =I16/100*N16 -> 0 | U16: =I16/100*O16 -> 0 | V16: =I16/100*P16 -> 0 | W16: =I16/100*Q16 -> 0.013783128 | X16: =I16/100*R16 -> 0.12080506
A17: 10 | B17: Mista - geração otimizada | C17: 168 | D17: Silagens | E17: Milho, Silagem | F17: Volumoso | G17: CALCULADA | H17: 47.474949 | I17: 47.5 | J17: 31.59 | K17: =IF(J17>0,(I17/J17)/SUMPRODUCT($I$17:$I$21/$J$17:$J$21)*100,"") -> 72.039576 | L17: =IF(K17<>"",K17*3,"") -> 216.11873 | M17: 7.27 | N17: 63.13 | O17: 55.27 | P17: 3.13 | Q17: 0.3 | R17: 0.19 | S17: =I17/100*M17 -> 3.45325 | T17: =I17/100*N17 -> 29.98675 | U17: =I17/100*O17 -> 26.25325 | V17: =I17/100*P17 -> 1.48675 | W17: =I17/100*Q17 -> 0.1425 | X17: =I17/100*R17 -> 0.09025
A18: 10 | B18: Mista - geração otimizada | C18: 178 | D18: Energético | E18: Mandioca Farinha | F18: Concentrado | G18: CALCULADA | H18: 23.835862 | I18: 24.907178 | J18: 90.77 | K18: =IF(J18>0,(I18/J18)/SUMPRODUCT($I$17:$I$21/$J$17:$J$21)*100,"") -> 13.146476 | L18: =IF(K18<>"",K18*3,"") -> 39.439428 | M18: 1.6 | N18: 84.95 | O18: 9.67 | P18: 0.99 | Q18: 0.18 | R18: 0.03 | S18: =I18/100*M18 -> 0.39851485 | T18: =I18/100*N18 -> 21.158648 | U18: =I18/100*O18 -> 2.4085241 | V18: =I18/100*P18 -> 0.24658106 | W18: =I18/100*Q18 -> 0.044832921 | X18: =I18/100*R18 -> 0.0074721535
A19: 10 | B19: Mista - geração otimizada | C19: 208 | D19: Proteico | E19: Soja Farelo | F19: Concentrado | G19: CALCULADA | H19: 24.667303 | I19: 22.330261 | J19: 88.48 | K19: =IF(J19>0,(I19/J19)/SUMPRODUCT($I$17:$I$21/$J$17:$J$21)*100,"") -> 12.091379 | L19: =IF(K19<>"",K19*3,"") -> 36.274138 | M19: 48.76 | N19: 80.73 | O19: 15.37 | P19: 1.75 | Q19: 0.33 | R19: 0.57 | S19: =I19/100*M19 -> 10.888235 | T19: =I19/100*N19 -> 18.02722 | U19: =I19/100*O19 -> 3.4321611 | V19: =I19/100*P19 -> 0.39077956 | W19: =I19/100*Q19 -> 0.073689861 | X19: =I19/100*R19 -> 0.12728249
A20: 10 | B20: Mista - geração otimizada | C20: 213 | D20: Mineral | E20: Calcário calcítico | F20: Concentrado | G20: CALCULADA | H20: 0.31986647 | I20: 1.1286203 | J20: 99.89 | K20: =IF(J20>0,(I20/J20)/SUMPRODUCT($I$17:$I$21/$J$17:$J$21)*100,"") -> 0.54131868 | L20: =IF(K20<>"",K20*3,"") -> 1.623956 | M20: 0 | N20: 0 | O20: 0 | P20: 0 | Q20: 37.35 | R20: 0.01 | S20: =I20/100*M20 -> 0 | T20: =I20/100*N20 -> 0 | U20: =I20/100*O20 -> 0 | V20: =I20/100*P20 -> 0 | W20: =I20/100*Q20 -> 0.42153969 | X20: =I20/100*R20 -> 0.00011286203
A21: 10 | B21: Mista - geração otimizada | C21: 214 | D21: Mineral | E21: Cromo Orgânico | F21: Concentrado | G21: CALCULADA | H21: 3.7020187 | I21: 4.1339407 | J21: 90.8 | K21: =IF(J21>0,(I21/J21)/SUMPRODUCT($I$17:$I$21/$J$17:$J$21)*100,"") -> 2.1812506 | L21: =IF(K21<>"",K21*3,"") -> 6.5437517 | M21: 0 | N21: 0 | O21: 0 | P21: 0 | Q21: 0.34 | R21: 2.98 | S21: =I21/100*M21 -> 0 | T21: =I21/100*N21 -> 0 | U21: =I21/100*O21 -> 0 | V21: =I21/100*P21 -> 0 | W21: =I21/100*Q21 -> 0.014055398 | X21: =I21/100*R21 -> 0.12319143
A22: 11 | B22: Mista - 50% volumoso fixo | C22: 188 | D22: Energético | E22: Milho Grão | F22: Concentrado | G22: CALCULADA | H22: 28.01 | I22: 17.867161 | J22: 87.78 | K22: =IF(J22>0,(I22/J22)/SUMPRODUCT($I$22:$I$28/$J$22:$J$28)*100,"") -> 7.0321942 | L22: =IF(K22<>"",K22*3,"") -> 21.096583 | M22: 9.1 | N22: 86.03 | O22: 14.39 | P22: 4.18 | Q22: 0.03 | R22: 0.25 | S22: =I22/100*M22 -> 1.6259117 | T22: =I22/100*N22 -> 15.371119 | U22: =I22/100*O22 -> 2.5710845 | V22: =I22/100*P22 -> 0.74684735 | W22: =I22/100*Q22 -> 0.0053601484 | X22: =I22/100*R22 -> 0.044667903
A23: 11 | B23: Mista - 50% volumoso fixo | C23: 208 | D23: Proteico | E23: Soja Farelo | F23: Concentrado | G23: CALCULADA | H23: 19.9 | I23: 10.427856 | J23: 88.48 | K23: =IF(J23>0,(I23/J23)/SUMPRODUCT($I$22:$I$28/$J$22:$J$28)*100,"") -> 4.071747 | L23: =IF(K23<>"",K23*3,"") -> 12.215241 | M23: 48.76 | N23: 80.73 | O23: 15.37 | P23: 1.75 | Q23: 0.33 | R23: 0.57 | S23: =I23/100*M23 -> 5.0846226 | T23: =I23/100*N23 -> 8.4184081 | U23: =I23/100*O23 -> 1.6027615 | V23: =I23/100*P23 -> 0.18248748 | W23: =I23/100*Q23 -> 0.034411925 | X23: =I23/100*R23 -> 0.059438779
A24: 11 | B24: Mista - 50% volumoso fixo | C24: 211 | D24: Proteico | E24: Uréia | F24: Concentrado | G24: CALCULADA | H24: 1 | I24: 1 | J24: 99 | K24: =IF(J24>0,(I24/J24)/SUMPRODUCT($I$22:$I$28/$J$22:$J$28)*100,"") -> 0.34897609 | L24: =IF(K24<>"",K24*3,"") -> 1.0469283 | M24: 280 | N24: 0 | O24: 0 | P24: 0 | Q24: 0 | R24: 0 | S24: =I24/100*M24 -> 2.8 | T24: =I24/100*N24 -> 0 | U24: =I24/100*O24 -> 0 | V24: =I24/100*P24 -> 0 | W24: =I24/100*Q24 -> 0 | X24: =I24/100*R24 -> 0
A25: 11 | B25: Mista - 50% volumoso fixo | C25: 213 | D25: Mineral | E25: Calcário calcítico | F25: Concentrado | G25: CALCULADA | H25: 1.09 | I25: 2.2777108 | J25: 99.89 | K25: =IF(J25>0,(I25/J25)/SUMPRODUCT($I$22:$I$28/$J$22:$J$28)*100,"") -> 0.78778451 | L25: =IF(K25<>"",K25*3,"") -> 2.3633535 | M25: 0 | N25: 0 | O25: 0 | P25: 0 | Q25: 37.35 | R25: 0.01 | S25: =I25/100*M25 -> 0 | T25: =I25/100*N25 -> 0 | U25: =I25/100*O25 -> 0 | V25: =I25/100*P25 -> 0 | W25: =I25/100*Q25 -> 0.85072499 | X25: =I25/100*R25 -> 0.00022777108
A26: 11 | B26: Mista - 50% volumoso fixo | C26: 218 | D26: Mineral | E26: Fosfato Monoamônio Defluorizado | F26: Concentrado | G26: CALCULADA | H26: 0.0061702326 | I26: 0.1 | J26: 98.18 | K26: =IF(J26>0,(I26/J26)/SUMPRODUCT($I$22:$I$28/$J$22:$J$28)*100,"") -> 0.035189074 | L26: =IF(K26<>"",K26*3,"") -> 0.10556722 | M26: 0 | N26: 0 | O26: 0 | P26: 0 | Q26: 1.05 | R26: 23.79 | S26: =I26/100*M26 -> 0 | T26: =I26/100*N26 -> 0 | U26: =I26/100*O26 -> 0 | V26: =I26/100*P26 -> 0 | W26: =I26/100*Q26 -> 0.00105 | X26: =I26/100*R26 -> 0.02379
A27: 11 | B27: Mista - 50% volumoso fixo | C27: 132 | D27: Forragens Verdes | E27: Azevém | F27: Volumoso | G27: CALCULADA | H27: 39.99383 | I27: 50 | J27: 21.43 | K27: =IF(J27>0,(I27/J27)/SUMPRODUCT($I$22:$I$28/$J$22:$J$28)*100,"") -> 80.608103 | L27: =IF(K27<>"",K27*3,"") -> 241.82431 | M27: 13.3 | N27: 64.63 | O27: 57.76 | P27: 2.61 | Q27: 0.49 | R27: 0.27 | S27: =I27/100*M27 -> 6.65 | T27: =I27/100*N27 -> 32.315 | U27: =I27/100*O27 -> 28.88 | V27: =I27/100*P27 -> 1.305 | W27: =I27/100*Q27 -> 0.245 | X27: =I27/100*R27 -> 0.135
A28: 11 | B28: Mista - 50% volumoso fixo | C28: 172 | D28: Energético | E28: Arroz Farelo Integral | F28: Concentrado | G28: CALCULADA | H28: 10 | I28: 18.327272 | J28: 88.98 | K28: =IF(J28>0,(I28/J28)/SUMPRODUCT($I$22:$I$28/$J$22:$J$28)*100,"") -> 7.1160057 | L28: =IF(K28<>"",K28*3,"") -> 21.348017 | M28: 13.73 | N28: 83.51 | O28: 24.43 | P28: 15.84 | Q28: 0.11 | R28: 1.72 | S28: =I28/100*M28 -> 2.5163344 | T28: =I28/100*N28 -> 15.305105 | U28: =I28/100*O28 -> 4.4773525 | V28: =I28/100*P28 -> 2.9030399 | W28: =I28/100*Q28 -> 0.020159999 | X28: =I28/100*R28 -> 0.31522908
A29: 11 | B29: Mista - geração otimizada | C29: 188 | D29: Energético | E29: Milho Grão | F29: Concentrado | G29: CALCULADA | H29: 28.01 | I29: 22.355159 | J29: 87.78 | K29: =IF(J29>0,(I29/J29)/SUMPRODUCT($I$29:$I$35/$J$29:$J$35)*100,"") -> 10.024913 | L29: =IF(K29<>"",K29*3,"") -> 30.074739 | M29: 9.1 | N29: 86.03 | O29: 14.39 | P29: 4.18 | Q29: 0.03 | R29: 0.25 | S29: =I29/100*M29 -> 2.0343195 | T29: =I29/100*N29 -> 19.232143 | U29: =I29/100*O29 -> 3.2169074 | V29: =I29/100*P29 -> 0.93444565 | W29: =I29/100*Q29 -> 0.0067065477 | X29: =I29/100*R29 -> 0.055887898
A30: 11 | B30: Mista - geração otimizada | C30: 208 | D30: Proteico | E30: Soja Farelo | F30: Concentrado | G30: CALCULADA | H30: 19.9 | I30: 11.075023 | J30: 88.48 | K30: =IF(J30>0,(I30/J30)/SUMPRODUCT($I$29:$I$35/$J$29:$J$35)*100,"") -> 4.9271743 | L30: =IF(K30<>"",K30*3,"") -> 14.781523 | M30: 48.76 | N30: 80.73 | O30: 15.37 | P30: 1.75 | Q30: 0.33 | R30: 0.57 | S30: =I30/100*M30 -> 5.400181 | T30: =I30/100*N30 -> 8.9408657 | U30: =I30/100*O30 -> 1.702231 | V30: =I30/100*P30 -> 0.19381289 | W30: =I30/100*Q30 -> 0.036547574 | X30: =I30/100*R30 -> 0.063127628
A31: 11 | B31: Mista - geração otimizada | C31: 211 | D31: Proteico | E31: Uréia | F31: Concentrado | G31: CALCULADA | H31: 1 | I31: 1 | J31: 99 | K31: =IF(J31>0,(I31/J31)/SUMPRODUCT($I$29:$I$35/$J$29:$J$35)*100,"") -> 0.39761543 | L31: =IF(K31<>"",K31*3,"") -> 1.1928463 | M31: 280 | N31: 0 | O31: 0 | P31: 0 | Q31: 0 | R31: 0 | S31: =I31/100*M31 -> 2.8 | T31: =I31/100*N31 -> 0 | U31: =I31/100*O31 -> 0 | V31: =I31/100*P31 -> 0 | W31: =I31/100*Q31 -> 0 | X31: =I31/100*R31 -> 0
A32: 11 | B32: Mista - geração otimizada | C32: 213 | D32: Mineral | E32: Calcário calcítico | F32: Concentrado | G32: CALCULADA | H32: 1.09 | I32: 2.7286077 | J32: 99.89 | K32: =IF(J32>0,(I32/J32)/SUMPRODUCT($I$29:$I$35/$J$29:$J$35)*100,"") -> 1.0752699 | L32: =IF(K32<>"",K32*3,"") -> 3.2258098 | M32: 0 | N32: 0 | O32: 0 | P32: 0 | Q32: 37.35 | R32: 0.01 | S32: =I32/100*M32 -> 0 | T32: =I32/100*N32 -> 0 | U32: =I32/100*O32 -> 0 | V32: =I32/100*P32 -> 0 | W32: =I32/100*Q32 -> 1.019135 | X32: =I32/100*R32 -> 0.00027286077
A33: 11 | B33: Mista - geração otimizada | C33: 218 | D33: Mineral | E33: Fosfato Monoamônio Defluorizado | F33: Concentrado | G33: CALCULADA | H33: 0.0061702326 | I33: 0.1 | J33: 98.18 | K33: =IF(J33>0,(I33/J33)/SUMPRODUCT($I$29:$I$35/$J$29:$J$35)*100,"") -> 0.040093631 | L33: =IF(K33<>"",K33*3,"") -> 0.12028089 | M33: 0 | N33: 0 | O33: 0 | P33: 0 | Q33: 1.05 | R33: 23.79 | S33: =I33/100*M33 -> 0 | T33: =I33/100*N33 -> 0 | U33: =I33/100*O33 -> 0 | V33: =I33/100*P33 -> 0 | W33: =I33/100*Q33 -> 0.00105 | X33: =I33/100*R33 -> 0.02379
A34: 11 | B34: Mista - geração otimizada | C34: 132 | D34: Forragens Verdes | E34: Azevém | F34: Volumoso | G34: CALCULADA | H34: 39.99383 | I34: 40 | J34: 21.43 | K34: =IF(J34>0,(I34/J34)/SUMPRODUCT($I$29:$I$35/$J$29:$J$35)*100,"") -> 73.474433 | L34: =IF(K34<>"",K34*3,"") -> 220.4233 | M34: 13.3 | N34: 64.63 | O34: 57.76 | P34: 2.61 | Q34: 0.49 | R34: 0.27 | S34: =I34/100*M34 -> 5.32 | T34: =I34/100*N34 -> 25.852 | U34: =I34/100*O34 -> 23.104 | V34: =I34/100*P34 -> 1.044 | W34: =I34/100*Q34 -> 0.196 | X34: =I34/100*R34 -> 0.108
A35: 11 | B35: Mista - geração otimizada | C35: 172 | D35: Energético | E35: Arroz Farelo Integral | F35: Concentrado | G35: CALCULADA | H35: 10 | I35: 22.741211 | J35: 88.98 | K35: =IF(J35>0,(I35/J35)/SUMPRODUCT($I$29:$I$35/$J$29:$J$35)*100,"") -> 10.060501 | L35: =IF(K35<>"",K35*3,"") -> 30.181503 | M35: 13.73 | N35: 83.51 | O35: 24.43 | P35: 15.84 | Q35: 0.11 | R35: 1.72 | S35: =I35/100*M35 -> 3.1223682 | T35: =I35/100*N35 -> 18.991185 | U35: =I35/100*O35 -> 5.5556778 | V35: =I35/100*P35 -> 3.6022078 | W35: =I35/100*Q35 -> 0.025015332 | X35: =I35/100*R35 -> 0.39114882
A36: 14 | B36: Mista - 50% volumoso fixo | C36: 168 | D36: Silagens | E36: Milho, Silagem | F36: Volumoso | G36: CALCULADA | H36: 40 | I36: 40 | J36: 31.59 | K36: =IF(J36>0,(I36/J36)/SUMPRODUCT($I$36:$I$41/$J$36:$J$41)*100,"") -> 56.811373 | L36: =IF(K36<>"",K36*3,"") -> 170.43412 | M36: 7.27 | N36: 63.13 | O36: 55.27 | P36: 3.13 | Q36: 0.3 | R36: 0.19 | S36: =I36/100*M36 -> 2.908 | T36: =I36/100*N36 -> 25.252 | U36: =I36/100*O36 -> 22.108 | V36: =I36/100*P36 -> 1.252 | W36: =I36/100*Q36 -> 0.12 | X36: =I36/100*R36 -> 0.076
A37: 14 | B37: Mista - 50% volumoso fixo | C37: 188 | D37: Energético | E37: Milho Grão | F37: Concentrado | G37: CALCULADA | H37: 32.553917 | I37: 31.924458 | J37: 87.78 | K37: =IF(J37>0,(I37/J37)/SUMPRODUCT($I$36:$I$41/$J$36:$J$41)*100,"") -> 16.317472 | L37: =IF(K37<>"",K37*3,"") -> 48.952416 | M37: 9.1 | N37: 86.03 | O37: 14.39 | P37: 4.18 | Q37: 0.03 | R37: 0.25 | S37: =I37/100*M37 -> 2.9051256 | T37: =I37/100*N37 -> 27.464611 | U37: =I37/100*O37 -> 4.5939295 | V37: =I37/100*P37 -> 1.3344423 | W37: =I37/100*Q37 -> 0.0095773373 | X37: =I37/100*R37 -> 0.079811144
A38: 14 | B38: Mista - 50% volumoso fixo | C38: 208 | D38: Proteico | E38: Soja Farelo | F38: Concentrado | G38: CALCULADA | H38: 15.666296 | I38: 16.297668 | J38: 88.48 | K38: =IF(J38>0,(I38/J38)/SUMPRODUCT($I$36:$I$41/$J$36:$J$41)*100,"") -> 8.2642849 | L38: =IF(K38<>"",K38*3,"") -> 24.792855 | M38: 48.76 | N38: 80.73 | O38: 15.37 | P38: 1.75 | Q38: 0.33 | R38: 0.57 | S38: =I38/100*M38 -> 7.946743 | T38: =I38/100*N38 -> 13.157108 | U38: =I38/100*O38 -> 2.5049516 | V38: =I38/100*P38 -> 0.28520919 | W38: =I38/100*Q38 -> 0.053782305 | X38: =I38/100*R38 -> 0.092896709
A39: 14 | B39: Mista - 50% volumoso fixo | C39: 211 | D39: Proteico | E39: Uréia | F39: Concentrado | G39: CALCULADA | H39: 1 | I39: 1 | J39: 99 | K39: =IF(J39>0,(I39/J39)/SUMPRODUCT($I$36:$I$41/$J$36:$J$41)*100,"") -> 0.45319982 | L39: =IF(K39<>"",K39*3,"") -> 1.3595995 | M39: 280 | N39: 0 | O39: 0 | P39: 0 | Q39: 0 | R39: 0 | S39: =I39/100*M39 -> 2.8 | T39: =I39/100*N39 -> 0 | U39: =I39/100*O39 -> 0 | V39: =I39/100*P39 -> 0 | W39: =I39/100*Q39 -> 0 | X39: =I39/100*R39 -> 0
A40: 14 | B40: Mista - 50% volumoso fixo | C40: 213 | D40: Mineral | E40: Calcário calcítico | F40: Concentrado | G40: CALCULADA | H40: 0.77978748 | I40: 0.77787411 | J40: 99.89 | K40: =IF(J40>0,(I40/J40)/SUMPRODUCT($I$36:$I$41/$J$36:$J$41)*100,"") -> 0.34939141 | L40: =IF(K40<>"",K40*3,"") -> 1.0481742 | M40: 0 | N40: 0 | O40: 0 | P40: 0 | Q40: 37.35 | R40: 0.01 | S40: =I40/100*M40 -> 0 | T40: =I40/100*N40 -> 0 | U40: =I40/100*O40 -> 0 | V40: =I40/100*P40 -> 0 | W40: =I40/100*Q40 -> 0.29053598 | X40: =I40/100*R40 -> 7.7787411e-05
A41: 14 | B41: Mista - 50% volumoso fixo | C41: 130 | D41: Forragens Verdes | E41: Alfafa | F41: Volumoso | G41: MANUAL_TRAVADA | H41: 10 | I41: 10 | J41: 25.2 | K41: =IF(J41>0,(I41/J41)/SUMPRODUCT($I$36:$I$41/$J$36:$J$41)*100,"") -> 17.804279 | L41: =IF(K41<>"",K41*3,"") -> 53.412836 | M41: 21.17 | N41: 70.6 | O41: 37.49 | P41: 3.7 | Q41: 1.49 | R41: 0.27 | S41: =I41/100*M41 -> 2.117 | T41: =I41/100*N41 -> 7.06 | U41: =I41/100*O41 -> 3.749 | V41: =I41/100*P41 -> 0.37 | W41: =I41/100*Q41 -> 0.149 | X41: =I41/100*R41 -> 0.027
A42: 14 | B42: Mista - geração otimizada | C42: 168 | D42: Silagens | E42: Milho, Silagem | F42: Volumoso | G42: CALCULADA | H42: 40 | I42: 42.25 | J42: 31.59 | K42: =IF(J42>0,(I42/J42)/SUMPRODUCT($I$42:$I$47/$J$42:$J$47)*100,"") -> 58.803737 | L42: =IF(K42<>"",K42*3,"") -> 176.41121 | M42: 7.27 | N42: 63.13 | O42: 55.27 | P42: 3.13 | Q42: 0.3 | R42: 0.19 | S42: =I42/100*M42 -> 3.071575 | T42: =I42/100*N42 -> 26.672425 | U42: =I42/100*O42 -> 23.351575 | V42: =I42/100*P42 -> 1.322425 | W42: =I42/100*Q42 -> 0.12675 | X42: =I42/100*R42 -> 0.080275
A43: 14 | B43: Mista - geração otimizada | C43: 188 | D43: Energético | E43: Milho Grão | F43: Concentrado | G43: CALCULADA | H43: 32.553917 | I43: 29.591638 | J43: 87.78 | K43: =IF(J43>0,(I43/J43)/SUMPRODUCT($I$42:$I$47/$J$42:$J$47)*100,"") -> 14.821811 | L43: =IF(K43<>"",K43*3,"") -> 44.465433 | M43: 9.1 | N43: 86.03 | O43: 14.39 | P43: 4.18 | Q43: 0.03 | R43: 0.25 | S43: =I43/100*M43 -> 2.6928391 | T43: =I43/100*N43 -> 25.457686 | U43: =I43/100*O43 -> 4.2582367 | V43: =I43/100*P43 -> 1.2369305 | W43: =I43/100*Q43 -> 0.0088774914 | X43: =I43/100*R43 -> 0.073979095
A44: 14 | B44: Mista - geração otimizada | C44: 208 | D44: Proteico | E44: Soja Farelo | F44: Concentrado | G44: CALCULADA | H44: 15.666296 | I44: 16.397569 | J44: 88.48 | K44: =IF(J44>0,(I44/J44)/SUMPRODUCT($I$42:$I$47/$J$42:$J$47)*100,"") -> 8.1482096 | L44: =IF(K44<>"",K44*3,"") -> 24.444629 | M44: 48.76 | N44: 80.73 | O44: 15.37 | P44: 1.75 | Q44: 0.33 | R44: 0.57 | S44: =I44/100*M44 -> 7.9954546 | T44: =I44/100*N44 -> 13.237757 | U44: =I44/100*O44 -> 2.5203063 | V44: =I44/100*P44 -> 0.28695746 | W44: =I44/100*Q44 -> 0.054111978 | X44: =I44/100*R44 -> 0.093466143
A45: 14 | B45: Mista - geração otimizada | C45: 211 | D45: Proteico | E45: Uréia | F45: Concentrado | G45: CALCULADA | H45: 1 | I45: 1 | J45: 99 | K45: =IF(J45>0,(I45/J45)/SUMPRODUCT($I$42:$I$47/$J$42:$J$47)*100,"") -> 0.44411214 | L45: =IF(K45<>"",K45*3,"") -> 1.3323364 | M45: 280 | N45: 0 | O45: 0 | P45: 0 | Q45: 0 | R45: 0 | S45: =I45/100*M45 -> 2.8 | T45: =I45/100*N45 -> 0 | U45: =I45/100*O45 -> 0 | V45: =I45/100*P45 -> 0 | W45: =I45/100*Q45 -> 0 | X45: =I45/100*R45 -> 0
A46: 14 | B46: Mista - geração otimizada | C46: 213 | D46: Mineral | E46: Calcário calcítico | F46: Concentrado | G46: CALCULADA | H46: 0.77978748 | I46: 0.76079292 | J46: 99.89 | K46: =IF(J46>0,(I46/J46)/SUMPRODUCT($I$42:$I$47/$J$42:$J$47)*100,"") -> 0.33486695 | L46: =IF(K46<>"",K46*3,"") -> 1.0046009 | M46: 0 | N46: 0 | O46: 0 | P46: 0 | Q46: 37.35 | R46: 0.01 | S46: =I46/100*M46 -> 0 | T46: =I46/100*N46 -> 0 | U46: =I46/100*O46 -> 0 | V46: =I46/100*P46 -> 0 | W46: =I46/100*Q46 -> 0.28415615 | X46: =I46/100*R46 -> 7.6079292e-05
A47: 14 | B47: Mista - geração otimizada | C47: 130 | D47: Forragens Verdes | E47: Alfafa | F47: Volumoso | G47: MANUAL_TRAVADA | H47: 10 | I47: 10 | J47: 25.2 | K47: =IF(J47>0,(I47/J47)/SUMPRODUCT($I$42:$I$47/$J$42:$J$47)*100,"") -> 17.447263 | L47: =IF(K47<>"",K47*3,"") -> 52.341788 | M47: 21.17 | N47: 70.6 | O47: 37.49 | P47: 3.7 | Q47: 1.49 | R47: 0.27 | S47: =I47/100*M47 -> 2.117 | T47: =I47/100*N47 -> 7.06 | U47: =I47/100*O47 -> 3.749 | V47: =I47/100*P47 -> 0.37 | W47: =I47/100*Q47 -> 0.149 | X47: =I47/100*R47 -> 0.027
A48: 16 | B48: 100% concentrado | C48: 188 | D48: Energético | E48: Milho Grão | F48: Concentrado | G48: MANUAL_TRAVADA | H48: 93.131 | I48: 93.131 | J48: 87.78 | K48: =IF(J48>0,(I48/J48)/SUMPRODUCT($I$48:$I$51/$J$48:$J$51)*100,"") -> 93.393542 | L48: =IF(K48<>"",K48*3,"") -> 280.18063 | M48: 9.1 | N48: 86.03 | O48: 14.39 | P48: 4.18 | Q48: 0.03 | R48: 0.25 | S48: =I48/100*M48 -> 8.474921 | T48: =I48/100*N48 -> 80.120599 | U48: =I48/100*O48 -> 13.401551 | V48: =I48/100*P48 -> 3.8928758 | W48: =I48/100*Q48 -> 0.0279393 | X48: =I48/100*R48 -> 0.2328275
A49: 16 | B49: 100% concentrado | C49: 226 | D49: Proteico | E49: DDGS30 | F49: Concentrado | G49: MANUAL_TRAVADA | H49: 3.831 | I49: 3.831 | J49: 86 | K49: =IF(J49>0,(I49/J49)/SUMPRODUCT($I$48:$I$51/$J$48:$J$51)*100,"") -> 3.9213162 | L49: =IF(K49<>"",K49*3,"") -> 11.763948 | M49: 30 | N49: 90 | O49: 33.7 | P49: 3 | Q49: 0.06 | R49: 0.8 | S49: =I49/100*M49 -> 1.1493 | T49: =I49/100*N49 -> 3.4479 | U49: =I49/100*O49 -> 1.291047 | V49: =I49/100*P49 -> 0.11493 | W49: =I49/100*Q49 -> 0.0022986 | X49: =I49/100*R49 -> 0.030648
A50: 16 | B50: 100% concentrado | C50: 213 | D50: Mineral | E50: Calcário calcítico | F50: Concentrado | G50: CALCULADA | H50: 2.038 | I50: 2.038 | J50: 99.89 | K50: =IF(J50>0,(I50/J50)/SUMPRODUCT($I$48:$I$51/$J$48:$J$51)*100,"") -> 1.7959752 | L50: =IF(K50<>"",K50*3,"") -> 5.3879255 | M50: 0 | N50: 0 | O50: 0 | P50: 0 | Q50: 37.35 | R50: 0.01 | S50: =I50/100*M50 -> 0 | T50: =I50/100*N50 -> 0 | U50: =I50/100*O50 -> 0 | V50: =I50/100*P50 -> 0 | W50: =I50/100*Q50 -> 0.761193 | X50: =I50/100*R50 -> 0.0002038
A51: 16 | B51: 100% concentrado | C51: 227 | D51: Mineral | E51: Sal Branco | F51: Concentrado | G51: CALCULADA | H51: 1 | I51: 1 | J51: 99 | K51: =IF(J51>0,(I51/J51)/SUMPRODUCT($I$48:$I$51/$J$48:$J$51)*100,"") -> 0.88916624 | L51: =IF(K51<>"",K51*3,"") -> 2.6674987 | M51: 0 | N51: 0 | O51: 0 | P51: 0 | Q51: 0 | R51: 0 | S51: =I51/100*M51 -> 0 | T51: =I51/100*N51 -> 0 | U51: =I51/100*O51 -> 0 | V51: =I51/100*P51 -> 0 | W51: =I51/100*Q51 -> 0 | X51: =I51/100*R51 -> 0
A52: 17 | B52: Mista - 50% volumoso fixo | C52: 168 | D52: Silagens | E52: Milho, Silagem | F52: Volumoso | G52: CALCULADA | H52: 50.012796 | I52: 50 | J52: 31.59 | K52: =IF(J52>0,(I52/J52)/SUMPRODUCT($I$52:$I$56/$J$52:$J$56)*100,"") -> 73.693218 | L52: =IF(K52<>"",K52*3,"") -> 221.07965 | M52: 7.27 | N52: 63.13 | O52: 55.27 | P52: 3.13 | Q52: 0.3 | R52: 0.19 | S52: =I52/100*M52 -> 3.635 | T52: =I52/100*N52 -> 31.565 | U52: =I52/100*O52 -> 27.635 | V52: =I52/100*P52 -> 1.565 | W52: =I52/100*Q52 -> 0.15 | X52: =I52/100*R52 -> 0.095
A53: 17 | B53: Mista - 50% volumoso fixo | C53: 188 | D53: Energético | E53: Milho Grão | F53: Concentrado | G53: MANUAL_TRAVADA | H53: 28.01 | I53: 28.01 | J53: 87.78 | K53: =IF(J53>0,(I53/J53)/SUMPRODUCT($I$52:$I$56/$J$52:$J$56)*100,"") -> 14.856779 | L53: =IF(K53<>"",K53*3,"") -> 44.570338 | M53: 9.1 | N53: 86.03 | O53: 14.39 | P53: 4.18 | Q53: 0.03 | R53: 0.25 | S53: =I53/100*M53 -> 2.54891 | T53: =I53/100*N53 -> 24.097003 | U53: =I53/100*O53 -> 4.030639 | V53: =I53/100*P53 -> 1.170818 | W53: =I53/100*Q53 -> 0.008403 | X53: =I53/100*R53 -> 0.070025
A54: 17 | B54: Mista - 50% volumoso fixo | C54: 208 | D54: Proteico | E54: Soja Farelo | F54: Concentrado | G54: MANUAL_TRAVADA | H54: 19.9 | I54: 19.9 | J54: 88.48 | K54: =IF(J54>0,(I54/J54)/SUMPRODUCT($I$52:$I$56/$J$52:$J$56)*100,"") -> 10.47165 | L54: =IF(K54<>"",K54*3,"") -> 31.414949 | M54: 48.76 | N54: 80.73 | O54: 15.37 | P54: 1.75 | Q54: 0.33 | R54: 0.57 | S54: =I54/100*M54 -> 9.70324 | T54: =I54/100*N54 -> 16.06527 | U54: =I54/100*O54 -> 3.05863 | V54: =I54/100*P54 -> 0.34825 | W54: =I54/100*Q54 -> 0.06567 | X54: =I54/100*R54 -> 0.11343
A55: 17 | B55: Mista - 50% volumoso fixo | C55: 211 | D55: Proteico | E55: Uréia | F55: Concentrado | G55: CALCULADA | H55: 0.98720416 | I55: 1 | J55: 99 | K55: =IF(J55>0,(I55/J55)/SUMPRODUCT($I$52:$I$56/$J$52:$J$56)*100,"") -> 0.47029672 | L55: =IF(K55<>"",K55*3,"") -> 1.4108902 | M55: 280 | N55: 0 | O55: 0 | P55: 0 | Q55: 0 | R55: 0 | S55: =I55/100*M55 -> 2.8 | T55: =I55/100*N55 -> 0 | U55: =I55/100*O55 -> 0 | V55: =I55/100*P55 -> 0 | W55: =I55/100*Q55 -> 0 | X55: =I55/100*R55 -> 0
A56: 17 | B56: Mista - 50% volumoso fixo | C56: 213 | D56: Mineral | E56: Calcário calcítico | F56: Concentrado | G56: MANUAL_TRAVADA | H56: 1.09 | I56: 1.09 | J56: 99.89 | K56: =IF(J56>0,(I56/J56)/SUMPRODUCT($I$52:$I$56/$J$52:$J$56)*100,"") -> 0.50805605 | L56: =IF(K56<>"",K56*3,"") -> 1.5241682 | M56: 0 | N56: 0 | O56: 0 | P56: 0 | Q56: 37.35 | R56: 0.01 | S56: =I56/100*M56 -> 0 | T56: =I56/100*N56 -> 0 | U56: =I56/100*O56 -> 0 | V56: =I56/100*P56 -> 0 | W56: =I56/100*Q56 -> 0.407115 | X56: =I56/100*R56 -> 0.000109
A57: 17 | B57: Mista - geração otimizada | C57: 168 | D57: Silagens | E57: Milho, Silagem | F57: Volumoso | G57: CALCULADA | H57: 50.012796 | I57: 50.00377 | J57: 31.59 | K57: =IF(J57>0,(I57/J57)/SUMPRODUCT($I$57:$I$61/$J$57:$J$61)*100,"") -> 73.695986 | L57: =IF(K57<>"",K57*3,"") -> 221.08796 | M57: 7.27 | N57: 63.13 | O57: 55.27 | P57: 3.13 | Q57: 0.3 | R57: 0.19 | S57: =I57/100*M57 -> 3.6352741 | T57: =I57/100*N57 -> 31.56738 | U57: =I57/100*O57 -> 27.637084 | V57: =I57/100*P57 -> 1.565118 | W57: =I57/100*Q57 -> 0.15001131 | X57: =I57/100*R57 -> 0.095007163
A58: 17 | B58: Mista - geração otimizada | C58: 188 | D58: Energético | E58: Milho Grão | F58: Concentrado | G58: MANUAL_TRAVADA | H58: 28.01 | I58: 28.01 | J58: 87.78 | K58: =IF(J58>0,(I58/J58)/SUMPRODUCT($I$57:$I$61/$J$57:$J$61)*100,"") -> 14.856217 | L58: =IF(K58<>"",K58*3,"") -> 44.568652 | M58: 9.1 | N58: 86.03 | O58: 14.39 | P58: 4.18 | Q58: 0.03 | R58: 0.25 | S58: =I58/100*M58 -> 2.54891 | T58: =I58/100*N58 -> 24.097003 | U58: =I58/100*O58 -> 4.030639 | V58: =I58/100*P58 -> 1.170818 | W58: =I58/100*Q58 -> 0.008403 | X58: =I58/100*R58 -> 0.070025
A59: 17 | B59: Mista - geração otimizada | C59: 208 | D59: Proteico | E59: Soja Farelo | F59: Concentrado | G59: MANUAL_TRAVADA | H59: 19.9 | I59: 19.9 | J59: 88.48 | K59: =IF(J59>0,(I59/J59)/SUMPRODUCT($I$57:$I$61/$J$57:$J$61)*100,"") -> 10.471254 | L59: =IF(K59<>"",K59*3,"") -> 31.413761 | M59: 48.76 | N59: 80.73 | O59: 15.37 | P59: 1.75 | Q59: 0.33 | R59: 0.57 | S59: =I59/100*M59 -> 9.70324 | T59: =I59/100*N59 -> 16.06527 | U59: =I59/100*O59 -> 3.05863 | V59: =I59/100*P59 -> 0.34825 | W59: =I59/100*Q59 -> 0.06567 | X59: =I59/100*R59 -> 0.11343
A60: 17 | B60: Mista - geração otimizada | C60: 211 | D60: Proteico | E60: Uréia | F60: Concentrado | G60: CALCULADA | H60: 0.98720416 | I60: 0.99623022 | J60: 99 | K60: =IF(J60>0,(I60/J60)/SUMPRODUCT($I$57:$I$61/$J$57:$J$61)*100,"") -> 0.46850608 | L60: =IF(K60<>"",K60*3,"") -> 1.4055182 | M60: 280 | N60: 0 | O60: 0 | P60: 0 | Q60: 0 | R60: 0 | S60: =I60/100*M60 -> 2.7894446 | T60: =I60/100*N60 -> 0 | U60: =I60/100*O60 -> 0 | V60: =I60/100*P60 -> 0 | W60: =I60/100*Q60 -> 0 | X60: =I60/100*R60 -> 0
A61: 17 | B61: Mista - geração otimizada | C61: 213 | D61: Mineral | E61: Calcário calcítico | F61: Concentrado | G61: MANUAL_TRAVADA | H61: 1.09 | I61: 1.09 | J61: 99.89 | K61: =IF(J61>0,(I61/J61)/SUMPRODUCT($I$57:$I$61/$J$57:$J$61)*100,"") -> 0.50803683 | L61: =IF(K61<>"",K61*3,"") -> 1.5241105 | M61: 0 | N61: 0 | O61: 0 | P61: 0 | Q61: 37.35 | R61: 0.01 | S61: =I61/100*M61 -> 0 | T61: =I61/100*N61 -> 0 | U61: =I61/100*O61 -> 0 | V61: =I61/100*P61 -> 0 | W61: =I61/100*Q61 -> 0.407115 | X61: =I61/100*R61 -> 0.000109
A62: 18 | B62: 100% concentrado | C62: 188 | D62: Energético | E62: Milho Grão | F62: Concentrado | G62: MANUAL_TRAVADA | H62: 49.42 | I62: 49.42 | J62: 87.78 | K62: =IF(J62>0,(I62/J62)/SUMPRODUCT($I$62:$I$65/$J$62:$J$65)*100,"") -> 50.252915 | L62: =IF(K62<>"",K62*3,"") -> 150.75874 | M62: 9.1 | N62: 86.03 | O62: 14.39 | P62: 4.18 | Q62: 0.03 | R62: 0.25 | S62: =I62/100*M62 -> 4.49722 | T62: =I62/100*N62 -> 42.516026 | U62: =I62/100*O62 -> 7.111538 | V62: =I62/100*P62 -> 2.065756 | W62: =I62/100*Q62 -> 0.014826 | X62: =I62/100*R62 -> 0.12355
A63: 18 | B63: 100% concentrado | C63: 173 | D63: Energético | E63: Aveia Grão | F63: Concentrado | G63: MANUAL_TRAVADA | H63: 47.89 | I63: 47.89 | J63: 90.57 | K63: =IF(J63>0,(I63/J63)/SUMPRODUCT($I$62:$I$65/$J$62:$J$65)*100,"") -> 47.197018 | L63: =IF(K63<>"",K63*3,"") -> 141.59105 | M63: 14.21 | N63: 75.24 | O63: 27.69 | P63: 5.13 | Q63: 0.13 | R63: 0.35 | S63: =I63/100*M63 -> 6.805169 | T63: =I63/100*N63 -> 36.032436 | U63: =I63/100*O63 -> 13.260741 | V63: =I63/100*P63 -> 2.456757 | W63: =I63/100*Q63 -> 0.062257 | X63: =I63/100*R63 -> 0.167615
A64: 18 | B64: 100% concentrado | C64: 208 | D64: Proteico | E64: Soja Farelo | F64: Concentrado | G64: MANUAL_TRAVADA | H64: 1.27 | I64: 1.27 | J64: 88.48 | K64: =IF(J64>0,(I64/J64)/SUMPRODUCT($I$62:$I$65/$J$62:$J$65)*100,"") -> 1.2811875 | L64: =IF(K64<>"",K64*3,"") -> 3.8435626 | M64: 48.76 | N64: 80.73 | O64: 15.37 | P64: 1.75 | Q64: 0.33 | R64: 0.57 | S64: =I64/100*M64 -> 0.619252 | T64: =I64/100*N64 -> 1.025271 | U64: =I64/100*O64 -> 0.195199 | V64: =I64/100*P64 -> 0.022225 | W64: =I64/100*Q64 -> 0.004191 | X64: =I64/100*R64 -> 0.007239
A65: 18 | B65: 100% concentrado | C65: 213 | D65: Mineral | E65: Calcário calcítico | F65: Concentrado | G65: CALCULADA | H65: 1.42 | I65: 1.42 | J65: 99.89 | K65: =IF(J65>0,(I65/J65)/SUMPRODUCT($I$62:$I$65/$J$62:$J$65)*100,"") -> 1.2688796 | L65: =IF(K65<>"",K65*3,"") -> 3.8066389 | M65: 0 | N65: 0 | O65: 0 | P65: 0 | Q65: 37.35 | R65: 0.01 | S65: =I65/100*M65 -> 0 | T65: =I65/100*N65 -> 0 | U65: =I65/100*O65 -> 0 | V65: =I65/100*P65 -> 0 | W65: =I65/100*Q65 -> 0.53037 | X65: =I65/100*R65 -> 0.000142
A66: 20 | B66: 100% concentrado | C66: 188 | D66: Energético | E66: Milho Grão | F66: Concentrado | G66: MANUAL_TRAVADA | H66: 82.05 | I66: 82.05 | J66: 87.78 | K66: =IF(J66>0,(I66/J66)/SUMPRODUCT($I$66:$I$68/$J$66:$J$68)*100,"") -> 82.299307 | L66: =IF(K66<>"",K66*3,"") -> 246.89792 | M66: 9.1 | N66: 86.03 | O66: 14.39 | P66: 4.18 | Q66: 0.03 | R66: 0.25 | S66: =I66/100*M66 -> 7.46655 | T66: =I66/100*N66 -> 70.587615 | U66: =I66/100*O66 -> 11.806995 | V66: =I66/100*P66 -> 3.42969 | W66: =I66/100*Q66 -> 0.024615 | X66: =I66/100*R66 -> 0.205125
A67: 20 | B67: 100% concentrado | C67: 208 | D67: Proteico | E67: Soja Farelo | F67: Concentrado | G67: MANUAL_TRAVADA | H67: 16.53 | I67: 16.53 | J67: 88.48 | K67: =IF(J67>0,(I67/J67)/SUMPRODUCT($I$66:$I$68/$J$66:$J$68)*100,"") -> 16.449053 | L67: =IF(K67<>"",K67*3,"") -> 49.34716 | M67: 48.76 | N67: 80.73 | O67: 15.37 | P67: 1.75 | Q67: 0.33 | R67: 0.57 | S67: =I67/100*M67 -> 8.060028 | T67: =I67/100*N67 -> 13.344669 | U67: =I67/100*O67 -> 2.540661 | V67: =I67/100*P67 -> 0.289275 | W67: =I67/100*Q67 -> 0.054549 | X67: =I67/100*R67 -> 0.094221
A68: 20 | B68: 100% concentrado | C68: 213 | D68: Mineral | E68: Calcário calcítico | F68: Concentrado | G68: CALCULADA | H68: 1.42 | I68: 1.42 | J68: 99.89 | K68: =IF(J68>0,(I68/J68)/SUMPRODUCT($I$66:$I$68/$J$66:$J$68)*100,"") -> 1.2516402 | L68: =IF(K68<>"",K68*3,"") -> 3.7549206 | M68: 0 | N68: 0 | O68: 0 | P68: 0 | Q68: 37.35 | R68: 0.01 | S68: =I68/100*M68 -> 0 | T68: =I68/100*N68 -> 0 | U68: =I68/100*O68 -> 0 | V68: =I68/100*P68 -> 0 | W68: =I68/100*Q68 -> 0.53037 | X68: =I68/100*R68 -> 0.000142
A69: 21 | B69: Mista - 50% volumoso fixo | C69: 168 | D69: Silagens | E69: Milho, Silagem | F69: Volumoso | G69: CALCULADA | H69: 57.489229 | I69: 50 | J69: 31.59 | K69: =IF(J69>0,(I69/J69)/SUMPRODUCT($I$69:$I$72/$J$69:$J$72)*100,"") -> 73.738791 | L69: =IF(K69<>"",K69*3,"") -> 221.21637 | M69: 7.27 | N69: 63.13 | O69: 55.27 | P69: 3.13 | Q69: 0.3 | R69: 0.19 | S69: =I69/100*M69 -> 3.635 | T69: =I69/100*N69 -> 31.565 | U69: =I69/100*O69 -> 27.635 | V69: =I69/100*P69 -> 1.565 | W69: =I69/100*Q69 -> 0.15 | X69: =I69/100*R69 -> 0.095
A70: 21 | B70: Mista - 50% volumoso fixo | C70: 208 | D70: Proteico | E70: Soja Farelo | F70: Concentrado | G70: CALCULADA | H70: 40.510771 | I70: 48.9 | J70: 88.48 | K70: =IF(J70>0,(I70/J70)/SUMPRODUCT($I$69:$I$72/$J$69:$J$72)*100,"") -> 25.747756 | L70: =IF(K70<>"",K70*3,"") -> 77.243267 | M70: 48.76 | N70: 80.73 | O70: 15.37 | P70: 1.75 | Q70: 0.33 | R70: 0.57 | S70: =I70/100*M70 -> 23.84364 | T70: =I70/100*N70 -> 39.47697 | U70: =I70/100*O70 -> 7.51593 | V70: =I70/100*P70 -> 0.85575 | W70: =I70/100*Q70 -> 0.16137 | X70: =I70/100*R70 -> 0.27873
A71: 21 | B71: Mista - 50% volumoso fixo | C71: 211 | D71: Proteico | E71: Uréia | F71: Concentrado | G71: CALCULADA | H71: 1 | I71: 0.1 | J71: 99 | K71: =IF(J71>0,(I71/J71)/SUMPRODUCT($I$69:$I$72/$J$69:$J$72)*100,"") -> 0.047058756 | L71: =IF(K71<>"",K71*3,"") -> 0.14117627 | M71: 280 | N71: 0 | O71: 0 | P71: 0 | Q71: 0 | R71: 0 | S71: =I71/100*M71 -> 0.28 | T71: =I71/100*N71 -> 0 | U71: =I71/100*O71 -> 0 | V71: =I71/100*P71 -> 0 | W71: =I71/100*Q71 -> 0 | X71: =I71/100*R71 -> 0
A72: 21 | B72: Mista - 50% volumoso fixo | C72: 213 | D72: Mineral | E72: Calcário calcítico | F72: Concentrado | G72: MANUAL_TRAVADA | H72: 1 | I72: 1 | J72: 99.89 | K72: =IF(J72>0,(I72/J72)/SUMPRODUCT($I$69:$I$72/$J$69:$J$72)*100,"") -> 0.46639472 | L72: =IF(K72<>"",K72*3,"") -> 1.3991841 | M72: 0 | N72: 0 | O72: 0 | P72: 0 | Q72: 37.35 | R72: 0.01 | S72: =I72/100*M72 -> 0 | T72: =I72/100*N72 -> 0 | U72: =I72/100*O72 -> 0 | V72: =I72/100*P72 -> 0 | W72: =I72/100*Q72 -> 0.3735 | X72: =I72/100*R72 -> 0.0001
A73: 21 | B73: Mista - geração otimizada | C73: 168 | D73: Silagens | E73: Milho, Silagem | F73: Volumoso | G73: CALCULADA | H73: 57.489229 | I73: 86.397427 | J73: 31.59 | K73: =IF(J73>0,(I73/J73)/SUMPRODUCT($I$73:$I$76/$J$73:$J$76)*100,"") -> 94.720343 | L73: =IF(K73<>"",K73*3,"") -> 284.16103 | M73: 7.27 | N73: 63.13 | O73: 55.27 | P73: 3.13 | Q73: 0.3 | R73: 0.19 | S73: =I73/100*M73 -> 6.281093 | T73: =I73/100*N73 -> 54.542696 | U73: =I73/100*O73 -> 47.751858 | V73: =I73/100*P73 -> 2.7042395 | W73: =I73/100*Q73 -> 0.25919228 | X73: =I73/100*R73 -> 0.16415511
A74: 21 | B74: Mista - geração otimizada | C74: 208 | D74: Proteico | E74: Soja Farelo | F74: Concentrado | G74: CALCULADA | H74: 40.510771 | I74: 12.602573 | J74: 88.48 | K74: =IF(J74>0,(I74/J74)/SUMPRODUCT($I$73:$I$76/$J$73:$J$76)*100,"") -> 4.9329439 | L74: =IF(K74<>"",K74*3,"") -> 14.798832 | M74: 48.76 | N74: 80.73 | O74: 15.37 | P74: 1.75 | Q74: 0.33 | R74: 0.57 | S74: =I74/100*M74 -> 6.1450144 | T74: =I74/100*N74 -> 10.174057 | U74: =I74/100*O74 -> 1.9370154 | V74: =I74/100*P74 -> 0.22054502 | W74: =I74/100*Q74 -> 0.04158849 | X74: =I74/100*R74 -> 0.071834664
A75: 21 | B75: Mista - geração otimizada | C75: 211 | D75: Proteico | E75: Uréia | F75: Concentrado | G75: CALCULADA | H75: 1 | I75: 0 | J75: 99 | K75: =IF(J75>0,(I75/J75)/SUMPRODUCT($I$73:$I$76/$J$73:$J$76)*100,"") -> 0 | L75: =IF(K75<>"",K75*3,"") -> 0 | M75: 280 | N75: 0 | O75: 0 | P75: 0 | Q75: 0 | R75: 0 | S75: =I75/100*M75 -> 0 | T75: =I75/100*N75 -> 0 | U75: =I75/100*O75 -> 0 | V75: =I75/100*P75 -> 0 | W75: =I75/100*Q75 -> 0 | X75: =I75/100*R75 -> 0
A76: 21 | B76: Mista - geração otimizada | C76: 213 | D76: Mineral | E76: Calcário calcítico | F76: Concentrado | G76: MANUAL_TRAVADA | H76: 1 | I76: 1 | J76: 99.89 | K76: =IF(J76>0,(I76/J76)/SUMPRODUCT($I$73:$I$76/$J$73:$J$76)*100,"") -> 0.34671295 | L76: =IF(K76<>"",K76*3,"") -> 1.0401389 | M76: 0 | N76: 0 | O76: 0 | P76: 0 | Q76: 37.35 | R76: 0.01 | S76: =I76/100*M76 -> 0 | T76: =I76/100*N76 -> 0 | U76: =I76/100*O76 -> 0 | V76: =I76/100*P76 -> 0 | W76: =I76/100*Q76 -> 0.3735 | X76: =I76/100*R76 -> 0.0001
A77: 22 | B77: 100% concentrado | C77: 188 | D77: Energético | E77: Milho Grão | F77: Concentrado | G77: MANUAL_TRAVADA | H77: 93.131 | I77: 93.131 | J77: 87.78 | K77: =IF(J77>0,(I77/J77)/SUMPRODUCT($I$77:$I$80/$J$77:$J$80)*100,"") -> 93.393542 | L77: =IF(K77<>"",K77*3,"") -> 280.18063 | M77: 9.1 | N77: 86.03 | O77: 14.39 | P77: 4.18 | Q77: 0.03 | R77: 0.25 | S77: =I77/100*M77 -> 8.474921 | T77: =I77/100*N77 -> 80.120599 | U77: =I77/100*O77 -> 13.401551 | V77: =I77/100*P77 -> 3.8928758 | W77: =I77/100*Q77 -> 0.0279393 | X77: =I77/100*R77 -> 0.2328275
A78: 22 | B78: 100% concentrado | C78: 226 | D78: Proteico | E78: DDGS30 | F78: Concentrado | G78: MANUAL_TRAVADA | H78: 3.831 | I78: 3.831 | J78: 86 | K78: =IF(J78>0,(I78/J78)/SUMPRODUCT($I$77:$I$80/$J$77:$J$80)*100,"") -> 3.9213162 | L78: =IF(K78<>"",K78*3,"") -> 11.763948 | M78: 30 | N78: 90 | O78: 33.7 | P78: 3 | Q78: 0.06 | R78: 0.8 | S78: =I78/100*M78 -> 1.1493 | T78: =I78/100*N78 -> 3.4479 | U78: =I78/100*O78 -> 1.291047 | V78: =I78/100*P78 -> 0.11493 | W78: =I78/100*Q78 -> 0.0022986 | X78: =I78/100*R78 -> 0.030648
A79: 22 | B79: 100% concentrado | C79: 213 | D79: Mineral | E79: Calcário calcítico | F79: Concentrado | G79: CALCULADA | H79: 2.038 | I79: 2.038 | J79: 99.89 | K79: =IF(J79>0,(I79/J79)/SUMPRODUCT($I$77:$I$80/$J$77:$J$80)*100,"") -> 1.7959752 | L79: =IF(K79<>"",K79*3,"") -> 5.3879255 | M79: 0 | N79: 0 | O79: 0 | P79: 0 | Q79: 37.35 | R79: 0.01 | S79: =I79/100*M79 -> 0 | T79: =I79/100*N79 -> 0 | U79: =I79/100*O79 -> 0 | V79: =I79/100*P79 -> 0 | W79: =I79/100*Q79 -> 0.761193 | X79: =I79/100*R79 -> 0.0002038
A80: 22 | B80: 100% concentrado | C80: 227 | D80: Mineral | E80: Sal Branco | F80: Concentrado | G80: MANUAL_TRAVADA | H80: 1 | I80: 1 | J80: 99 | K80: =IF(J80>0,(I80/J80)/SUMPRODUCT($I$77:$I$80/$J$77:$J$80)*100,"") -> 0.88916624 | L80: =IF(K80<>"",K80*3,"") -> 2.6674987 | M80: 0 | N80: 0 | O80: 0 | P80: 0 | Q80: 0 | R80: 0 | S80: =I80/100*M80 -> 0 | T80: =I80/100*N80 -> 0 | U80: =I80/100*O80 -> 0 | V80: =I80/100*P80 -> 0 | W80: =I80/100*Q80 -> 0 | X80: =I80/100*R80 -> 0
A81: 23 | B81: Mista - 50% volumoso fixo | C81: 168 | D81: Silagens | E81: Milho, Silagem | F81: Volumoso | G81: CALCULADA | H81: 50 | I81: 50 | J81: 31.59 | K81: =IF(J81>0,(I81/J81)/SUMPRODUCT($I$81:$I$85/$J$81:$J$85)*100,"") -> 73.692081 | L81: =IF(K81<>"",K81*3,"") -> 221.07624 | M81: 7.27 | N81: 63.13 | O81: 55.27 | P81: 3.13 | Q81: 0.3 | R81: 0.19 | S81: =I81/100*M81 -> 3.635 | T81: =I81/100*N81 -> 31.565 | U81: =I81/100*O81 -> 27.635 | V81: =I81/100*P81 -> 1.565 | W81: =I81/100*Q81 -> 0.15 | X81: =I81/100*R81 -> 0.095
A82: 23 | B82: Mista - 50% volumoso fixo | C82: 188 | D82: Energético | E82: Milho Grão | F82: Concentrado | G82: CALCULADA | H82: 29.820085 | I82: 28.062936 | J82: 87.78 | K82: =IF(J82>0,(I82/J82)/SUMPRODUCT($I$81:$I$85/$J$81:$J$85)*100,"") -> 14.884627 | L82: =IF(K82<>"",K82*3,"") -> 44.653882 | M82: 9.1 | N82: 86.03 | O82: 14.39 | P82: 4.18 | Q82: 0.03 | R82: 0.25 | S82: =I82/100*M82 -> 2.5537271 | T82: =I82/100*N82 -> 24.142543 | U82: =I82/100*O82 -> 4.0382564 | V82: =I82/100*P82 -> 1.1730307 | W82: =I82/100*Q82 -> 0.0084188807 | X82: =I82/100*R82 -> 0.070157339
A83: 23 | B83: Mista - 50% volumoso fixo | C83: 208 | D83: Proteico | E83: Soja Farelo | F83: Concentrado | G83: CALCULADA | H83: 18.103889 | I83: 19.869035 | J83: 88.48 | K83: =IF(J83>0,(I83/J83)/SUMPRODUCT($I$81:$I$85/$J$81:$J$85)*100,"") -> 10.455194 | L83: =IF(K83<>"",K83*3,"") -> 31.365583 | M83: 48.76 | N83: 80.73 | O83: 15.37 | P83: 1.75 | Q83: 0.33 | R83: 0.57 | S83: =I83/100*M83 -> 9.6881415 | T83: =I83/100*N83 -> 16.040272 | U83: =I83/100*O83 -> 3.0538707 | V83: =I83/100*P83 -> 0.34770812 | W83: =I83/100*Q83 -> 0.065567816 | X83: =I83/100*R83 -> 0.1132535
A84: 23 | B84: Mista - 50% volumoso fixo | C84: 211 | D84: Proteico | E84: Uréia | F84: Concentrado | G84: CALCULADA | H84: 1 | I84: 1 | J84: 99 | K84: =IF(J84>0,(I84/J84)/SUMPRODUCT($I$81:$I$85/$J$81:$J$85)*100,"") -> 0.47028946 | L84: =IF(K84<>"",K84*3,"") -> 1.4108684 | M84: 280 | N84: 0 | O84: 0 | P84: 0 | Q84: 0 | R84: 0 | S84: =I84/100*M84 -> 2.8 | T84: =I84/100*N84 -> 0 | U84: =I84/100*O84 -> 0 | V84: =I84/100*P84 -> 0 | W84: =I84/100*Q84 -> 0 | X84: =I84/100*R84 -> 0
A85: 23 | B85: Mista - 50% volumoso fixo | C85: 213 | D85: Mineral | E85: Calcário calcítico | F85: Concentrado | G85: CALCULADA | H85: 1.0760264 | I85: 1.0680293 | J85: 99.89 | K85: =IF(J85>0,(I85/J85)/SUMPRODUCT($I$81:$I$85/$J$81:$J$85)*100,"") -> 0.49780766 | L85: =IF(K85<>"",K85*3,"") -> 1.493423 | M85: 0 | N85: 0 | O85: 0 | P85: 0 | Q85: 37.35 | R85: 0.01 | S85: =I85/100*M85 -> 0 | T85: =I85/100*N85 -> 0 | U85: =I85/100*O85 -> 0 | V85: =I85/100*P85 -> 0 | W85: =I85/100*Q85 -> 0.39890893 | X85: =I85/100*R85 -> 0.00010680293
A86: 23 | B86: Mista - geração otimizada | C86: 168 | D86: Silagens | E86: Milho, Silagem | F86: Volumoso | G86: CALCULADA | H86: 50 | I86: 47.5 | J86: 31.59 | K86: =IF(J86>0,(I86/J86)/SUMPRODUCT($I$86:$I$90/$J$86:$J$90)*100,"") -> 71.699113 | L86: =IF(K86<>"",K86*3,"") -> 215.09734 | M86: 7.27 | N86: 63.13 | O86: 55.27 | P86: 3.13 | Q86: 0.3 | R86: 0.19 | S86: =I86/100*M86 -> 3.45325 | T86: =I86/100*N86 -> 29.98675 | U86: =I86/100*O86 -> 26.25325 | V86: =I86/100*P86 -> 1.48675 | W86: =I86/100*Q86 -> 0.1425 | X86: =I86/100*R86 -> 0.09025
A87: 23 | B87: Mista - geração otimizada | C87: 188 | D87: Energético | E87: Milho Grão | F87: Concentrado | G87: CALCULADA | H87: 29.820085 | I87: 30.654957 | J87: 87.78 | K87: =IF(J87>0,(I87/J87)/SUMPRODUCT($I$86:$I$90/$J$86:$J$90)*100,"") -> 16.652327 | L87: =IF(K87<>"",K87*3,"") -> 49.956982 | M87: 9.1 | N87: 86.03 | O87: 14.39 | P87: 4.18 | Q87: 0.03 | R87: 0.25 | S87: =I87/100*M87 -> 2.7896011 | T87: =I87/100*N87 -> 26.37246 | U87: =I87/100*O87 -> 4.4112483 | V87: =I87/100*P87 -> 1.2813772 | W87: =I87/100*Q87 -> 0.0091964872 | X87: =I87/100*R87 -> 0.076637393
A88: 23 | B88: Mista - geração otimizada | C88: 208 | D88: Proteico | E88: Soja Farelo | F88: Concentrado | G88: CALCULADA | H88: 18.103889 | I88: 19.758034 | J88: 88.48 | K88: =IF(J88>0,(I88/J88)/SUMPRODUCT($I$86:$I$90/$J$86:$J$90)*100,"") -> 10.648009 | L88: =IF(K88<>"",K88*3,"") -> 31.944028 | M88: 48.76 | N88: 80.73 | O88: 15.37 | P88: 1.75 | Q88: 0.33 | R88: 0.57 | S88: =I88/100*M88 -> 9.6340176 | T88: =I88/100*N88 -> 15.950661 | U88: =I88/100*O88 -> 3.0368099 | V88: =I88/100*P88 -> 0.3457656 | W88: =I88/100*Q88 -> 0.065201514 | X88: =I88/100*R88 -> 0.1126208
A89: 23 | B89: Mista - geração otimizada | C89: 211 | D89: Proteico | E89: Uréia | F89: Concentrado | G89: CALCULADA | H89: 1 | I89: 1 | J89: 99 | K89: =IF(J89>0,(I89/J89)/SUMPRODUCT($I$86:$I$90/$J$86:$J$90)*100,"") -> 0.48165337 | L89: =IF(K89<>"",K89*3,"") -> 1.4449601 | M89: 280 | N89: 0 | O89: 0 | P89: 0 | Q89: 0 | R89: 0 | S89: =I89/100*M89 -> 2.8 | T89: =I89/100*N89 -> 0 | U89: =I89/100*O89 -> 0 | V89: =I89/100*P89 -> 0 | W89: =I89/100*Q89 -> 0 | X89: =I89/100*R89 -> 0
A90: 23 | B90: Mista - geração otimizada | C90: 213 | D90: Mineral | E90: Calcário calcítico | F90: Concentrado | G90: CALCULADA | H90: 1.0760264 | I90: 1.0870084 | J90: 99.89 | K90: =IF(J90>0,(I90/J90)/SUMPRODUCT($I$86:$I$90/$J$86:$J$90)*100,"") -> 0.51889642 | L90: =IF(K90<>"",K90*3,"") -> 1.5566893 | M90: 0 | N90: 0 | O90: 0 | P90: 0 | Q90: 37.35 | R90: 0.01 | S90: =I90/100*M90 -> 0 | T90: =I90/100*N90 -> 0 | U90: =I90/100*O90 -> 0 | V90: =I90/100*P90 -> 0 | W90: =I90/100*Q90 -> 0.40599762 | X90: =I90/100*R90 -> 0.00010870084
A91: 24 | B91: 100% concentrado | C91: 188 | D91: Energético | E91: Milho Grão | F91: Concentrado | G91: CALCULADA | H91: 39.467435 | I91: 49.42 | J91: 87.78 | K91: =IF(J91>0,(I91/J91)/SUMPRODUCT($I$91:$I$94/$J$91:$J$94)*100,"") -> 50.252915 | L91: =IF(K91<>"",K91*3,"") -> 150.75874 | M91: 9.1 | N91: 86.03 | O91: 14.39 | P91: 4.18 | Q91: 0.03 | R91: 0.25 | S91: =I91/100*M91 -> 4.49722 | T91: =I91/100*N91 -> 42.516026 | U91: =I91/100*O91 -> 7.111538 | V91: =I91/100*P91 -> 2.065756 | W91: =I91/100*Q91 -> 0.014826 | X91: =I91/100*R91 -> 0.12355
A92: 24 | B92: 100% concentrado | C92: 173 | D92: Energético | E92: Aveia Grão | F92: Concentrado | G92: CALCULADA | H92: 52.309148 | I92: 47.89 | J92: 90.57 | K92: =IF(J92>0,(I92/J92)/SUMPRODUCT($I$91:$I$94/$J$91:$J$94)*100,"") -> 47.197018 | L92: =IF(K92<>"",K92*3,"") -> 141.59105 | M92: 14.21 | N92: 75.24 | O92: 27.69 | P92: 5.13 | Q92: 0.13 | R92: 0.35 | S92: =I92/100*M92 -> 6.805169 | T92: =I92/100*N92 -> 36.032436 | U92: =I92/100*O92 -> 13.260741 | V92: =I92/100*P92 -> 2.456757 | W92: =I92/100*Q92 -> 0.062257 | X92: =I92/100*R92 -> 0.167615
A93: 24 | B93: 100% concentrado | C93: 208 | D93: Proteico | E93: Soja Farelo | F93: Concentrado | G93: CALCULADA | H93: 7.3952313 | I93: 1.27 | J93: 88.48 | K93: =IF(J93>0,(I93/J93)/SUMPRODUCT($I$91:$I$94/$J$91:$J$94)*100,"") -> 1.2811875 | L93: =IF(K93<>"",K93*3,"") -> 3.8435626 | M93: 48.76 | N93: 80.73 | O93: 15.37 | P93: 1.75 | Q93: 0.33 | R93: 0.57 | S93: =I93/100*M93 -> 0.619252 | T93: =I93/100*N93 -> 1.025271 | U93: =I93/100*O93 -> 0.195199 | V93: =I93/100*P93 -> 0.022225 | W93: =I93/100*Q93 -> 0.004191 | X93: =I93/100*R93 -> 0.007239
A94: 24 | B94: 100% concentrado | C94: 213 | D94: Mineral | E94: Calcário calcítico | F94: Concentrado | G94: CALCULADA | H94: 0.82818597 | I94: 1.42 | J94: 99.89 | K94: =IF(J94>0,(I94/J94)/SUMPRODUCT($I$91:$I$94/$J$91:$J$94)*100,"") -> 1.2688796 | L94: =IF(K94<>"",K94*3,"") -> 3.8066389 | M94: 0 | N94: 0 | O94: 0 | P94: 0 | Q94: 37.35 | R94: 0.01 | S94: =I94/100*M94 -> 0 | T94: =I94/100*N94 -> 0 | U94: =I94/100*O94 -> 0 | V94: =I94/100*P94 -> 0 | W94: =I94/100*Q94 -> 0.53037 | X94: =I94/100*R94 -> 0.000142
A95: 25 | B95: 100% concentrado | C95: 188 | D95: Energético | E95: Milho Grão | F95: Concentrado | G95: CALCULADA | H95: 76.737455 | I95: 82.992865 | J95: 87.78 | K95: =IF(J95>0,(I95/J95)/SUMPRODUCT($I$95:$I$97/$J$95:$J$97)*100,"") -> 83.252331 | L95: =IF(K95<>"",K95*3,"") -> 249.75699 | M95: 9.1 | N95: 86.03 | O95: 14.39 | P95: 4.18 | Q95: 0.03 | R95: 0.25 | S95: =I95/100*M95 -> 7.5523507 | T95: =I95/100*N95 -> 71.398762 | U95: =I95/100*O95 -> 11.942673 | V95: =I95/100*P95 -> 3.4691018 | W95: =I95/100*Q95 -> 0.02489786 | X95: =I95/100*R95 -> 0.20748216
A96: 25 | B96: 100% concentrado | C96: 208 | D96: Proteico | E96: Soja Farelo | F96: Concentrado | G96: CALCULADA | H96: 22.187074 | I96: 15.444228 | J96: 88.48 | K96: =IF(J96>0,(I96/J96)/SUMPRODUCT($I$95:$I$97/$J$95:$J$97)*100,"") -> 15.369945 | L96: =IF(K96<>"",K96*3,"") -> 46.109834 | M96: 48.76 | N96: 80.73 | O96: 15.37 | P96: 1.75 | Q96: 0.33 | R96: 0.57 | S96: =I96/100*M96 -> 7.5306055 | T96: =I96/100*N96 -> 12.468125 | U96: =I96/100*O96 -> 2.3737778 | V96: =I96/100*P96 -> 0.27027399 | W96: =I96/100*Q96 -> 0.050965952 | X96: =I96/100*R96 -> 0.088032099
A97: 25 | B97: 100% concentrado | C97: 213 | D97: Mineral | E97: Calcário calcítico | F97: Concentrado | G97: CALCULADA | H97: 1.0754712 | I97: 1.5629068 | J97: 99.89 | K97: =IF(J97>0,(I97/J97)/SUMPRODUCT($I$95:$I$97/$J$95:$J$97)*100,"") -> 1.3777242 | L97: =IF(K97<>"",K97*3,"") -> 4.1331725 | M97: 0 | N97: 0 | O97: 0 | P97: 0 | Q97: 37.35 | R97: 0.01 | S97: =I97/100*M97 -> 0 | T97: =I97/100*N97 -> 0 | U97: =I97/100*O97 -> 0 | V97: =I97/100*P97 -> 0 | W97: =I97/100*Q97 -> 0.58374568 | X97: =I97/100*R97 -> 0.00015629068
A98: 28 | B98: Mista - 50% volumoso fixo | C98: 168 | D98: Silagens | E98: Milho, Silagem | F98: Volumoso | G98: CALCULADA | H98: 20 | I98: 50 | J98: 31.59 | K98: =IF(J98>0,(I98/J98)/SUMPRODUCT($I$98:$I$104/$J$98:$J$104)*100,"") -> 73.670986 | L98: =IF(K98<>"",K98*3,"") -> 221.01296 | M98: 7.27 | N98: 63.13 | O98: 55.27 | P98: 3.13 | Q98: 0.3 | R98: 0.19 | S98: =I98/100*M98 -> 3.635 | T98: =I98/100*N98 -> 31.565 | U98: =I98/100*O98 -> 27.635 | V98: =I98/100*P98 -> 1.565 | W98: =I98/100*Q98 -> 0.15 | X98: =I98/100*R98 -> 0.095
A99: 28 | B99: Mista - 50% volumoso fixo | C99: 188 | D99: Energético | E99: Milho Grão | F99: Concentrado | G99: CALCULADA | H99: 27.473355 | I99: 5.2645851 | J99: 87.78 | K99: =IF(J99>0,(I99/J99)/SUMPRODUCT($I$98:$I$104/$J$98:$J$104)*100,"") -> 2.7915453 | L99: =IF(K99<>"",K99*3,"") -> 8.3746359 | M99: 9.1 | N99: 86.03 | O99: 14.39 | P99: 4.18 | Q99: 0.03 | R99: 0.25 | S99: =I99/100*M99 -> 0.47907724 | T99: =I99/100*N99 -> 4.5291226 | U99: =I99/100*O99 -> 0.75757379 | V99: =I99/100*P99 -> 0.22005966 | W99: =I99/100*Q99 -> 0.0015793755 | X99: =I99/100*R99 -> 0.013161463
A100: 28 | B100: Mista - 50% volumoso fixo | C100: 208 | D100: Proteico | E100: Soja Farelo | F100: Concentrado | G100: CALCULADA | H100: 13.03374 | I100: 20.036019 | J100: 88.48 | K100: =IF(J100>0,(I100/J100)/SUMPRODUCT($I$98:$I$104/$J$98:$J$104)*100,"") -> 10.540044 | L100: =IF(K100<>"",K100*3,"") -> 31.620133 | M100: 48.76 | N100: 80.73 | O100: 15.37 | P100: 1.75 | Q100: 0.33 | R100: 0.57 | S100: =I100/100*M100 -> 9.769563 | T100: =I100/100*N100 -> 16.175078 | U100: =I100/100*O100 -> 3.0795362 | V100: =I100/100*P100 -> 0.35063034 | W100: =I100/100*Q100 -> 0.066118864 | X100: =I100/100*R100 -> 0.11420531
...

Sheet Exigencias
A1: Formulação ID | B1: Título | C1: Categoria | D1: Fase | E1: Nutriente | F1: Operador | G1: Valor mín. (% MS) | H1: Valor máx. (% MS) | I1: Origem NRC (% MS) | J1: Alterado pelo usuário
A2: 7 | B2: configuraçao | C2: Ovelhas | D2: Gestação tardia | E2: CA | F2: >= | G2: 0.48166393 | I2: 0.48166393 | J2: NÃO
A3: 7 | B3: configuraçao | C3: Ovelhas | D3: Gestação tardia | E3: CA_P | F3: >= | G3: 1.6603774 | I3: 1.6603774 | J3: NÃO
A4: 7 | B4: configuraçao | C4: Ovelhas | D4: Gestação tardia | E4: EE | F4: <= | H4: 7 | I4: 7 | J4: NÃO
A5: 7 | B5: configuraçao | C5: Ovelhas | D5: Gestação tardia | E5: FDN | F5: >= | G5: 30 | I5: 30 | J5: NÃO
A6: 7 | B6: configuraçao | C6: Ovelhas | D6: Gestação tardia | E6: NDT | F6: >= | G6: 66.22879 | I6: 66.22879 | J6: NÃO
A7: 7 | B7: configuraçao | C7: Ovelhas | D7: Gestação tardia | E7: P | F7: >= | G7: 0.29009305 | I7: 0.29009305 | J7: NÃO
A8: 7 | B8: configuraçao | C8: Ovelhas | D8: Gestação tardia | E8: PB | F8: IGUAL (=) | G8: 10.00642 | H8: 10.02642 | I8: 10.01642 | J8: NÃO
A9: 8 | B9: teste 3 | C9: Ovelhas | D9: Gestação tardia | E9: CA | F9: >= | G9: 0.25555556 | I9: 0.25555556 | J9: NÃO
A10: 8 | B10: teste 3 | C10: Ovelhas | D10: Gestação tardia | E10: CA_P | F10: >= | G10: 1.0952381 | I10: 1.0952381 | J10: NÃO
A11: 8 | B11: teste 3 | C11: Ovelhas | D11: Gestação tardia | E11: EE | F11: <= | H11: 7 | I11: 7 | J11: NÃO
A12: 8 | B12: teste 3 | C12: Ovelhas | D12: Gestação tardia | E12: FDN | F12: >= | G12: 30 | I12: 30 | J12: NÃO
A13: 8 | B13: teste 3 | C13: Ovelhas | D13: Gestação tardia | E13: NDT | F13: >= | G13: 52.777778 | I13: 52.777778 | J13: NÃO
A14: 8 | B14: teste 3 | C14: Ovelhas | D14: Gestação tardia | E14: P | F14: >= | G14: 0.23333333 | I14: 0.23333333 | J14: NÃO
A15: 8 | B15: teste 3 | C15: Ovelhas | D15: Gestação tardia | E15: PB | F15: IGUAL (=) | G15: 9.6566667 | H15: 9.6766667 | I15: 9.6666667 | J15: NÃO
A16: 9 | B16: alteração na geração | C16: Ovelhas | D16: Gestação tardia | E16: CA | F16: >= | G16: 0.22457891 | I16: 0.22457891 | J16: NÃO
A17: 9 | B17: alteração na geração | C17: Ovelhas | D17: Gestação tardia | E17: CA_P | F17: >= | G17: 1.0285714 | I17: 1.0285714 | J17: NÃO
A18: 9 | B18: alteração na geração | C18: Ovelhas | D18: Gestação tardia | E18: EE | F18: IGUAL (=) | G18: 5.99 | H18: 6.01 | I18: 7 | J18: SIM
A19: 9 | B19: alteração na geração | C19: Ovelhas | D19: Gestação tardia | E19: FDN | F19: >= | G19: 30 | I19: 30 | J19: NÃO
A20: 9 | B20: alteração na geração | C20: Ovelhas | D20: Gestação tardia | E20: NDT | F20: >= | G20: 53.025577 | I20: 53.025577 | J20: NÃO
A21: 9 | B21: alteração na geração | C21: Ovelhas | D21: Gestação tardia | E21: P | F21: >= | G21: 0.21834061 | I21: 0.21834061 | J21: NÃO
A22: 9 | B22: alteração na geração | C22: Ovelhas | D22: Gestação tardia | E22: PB | F22: IGUAL (=) | G22: 8.9731566 | H22: 8.9931566 | I22: 8.9831566 | J22: NÃO
A23: 10 | B23: ovelhas leiteiras | C23: Ovelhas | D23: Início da lactação | E23: CA | F23: >= | G23: 0.39878849 | I23: 0.39878849 | J23: NÃO
A24: 10 | B24: ovelhas leiteiras | C24: Ovelhas | D24: Início da lactação | E24: CA_P | F24: >= | G24: 1.1449275 | I24: 1.1449275 | J24: NÃO
A25: 10 | B25: ovelhas leiteiras | C25: Ovelhas | D25: Início da lactação | E25: EE | F25: <= | H25: 7 | I25: 7 | J25: NÃO
A26: 10 | B26: ovelhas leiteiras | C26: Ovelhas | D26: Início da lactação | E26: FDN | F26: >= | G26: 30 | I26: 30 | J26: NÃO
A27: 10 | B27: ovelhas leiteiras | C27: Ovelhas | D27: Início da lactação | E27: NDT | F27: >= | G27: 66.128218 | I27: 66.128218 | J27: NÃO
A28: 10 | B28: ovelhas leiteiras | C28: Ovelhas | D28: Início da lactação | E28: P | F28: >= | G28: 0.34830893 | I28: 0.34830893 | J28: NÃO
A29: 10 | B29: ovelhas leiteiras | C29: Ovelhas | D29: Início da lactação | E29: PB | F29: ENTRE | G29: 14.74 | H29: 16.64 | I29: 14.74003 | J29: SIM
A30: 11 | B30: teste reuniao | C30: Ovelhas | D30: Início da lactação | E30: CA | F30: >= | G30: 0.62289562 | I30: 0.62289562 | J30: NÃO
A31: 11 | B31: teste reuniao | C31: Ovelhas | D31: Início da lactação | E31: CA_P | F31: >= | G31: 1.48 | I31: 1.48 | J31: NÃO
A32: 11 | B32: teste reuniao | C32: Ovelhas | D32: Início da lactação | E32: EE | F32: <= | H32: 7 | I32: 7 | J32: NÃO
A33: 11 | B33: teste reuniao | C33: Ovelhas | D33: Início da lactação | E33: FDN | F33: >= | G33: 30 | I33: 30 | J33: NÃO
A34: 11 | B34: teste reuniao | C34: Ovelhas | D34: Início da lactação | E34: NDT | F34: >= | G34: 65.656566 | I34: 65.656566 | J34: NÃO
A35: 11 | B35: teste reuniao | C35: Ovelhas | D35: Início da lactação | E35: P | F35: >= | G35: 0.42087542 | I35: 0.42087542 | J35: NÃO
A36: 11 | B36: teste reuniao | C36: Ovelhas | D36: Início da lactação | E36: PB | F36: IGUAL (=) | G36: 18.676869 | H36: 18.696869 | I36: 18.686869 | J36: NÃO
A37: 13 | B37: kkk | C37: Ovelhas | D37: Início da lactação | E37: CA | F37: >= | G37: 0.38590604 | I37: 0.38590604 | J37: NÃO
A38: 13 | B38: kkk | C38: Ovelhas | D38: Início da lactação | E38: CA_P | F38: ENTRE | G38: 1.5 | H38: 2 | I38: 1.5333333 | J38: SIM
A39: 13 | B39: kkk | C39: Ovelhas | D39: Início da lactação | E39: EE | F39: <= | H39: 7 | I39: 7 | J39: NÃO
A40: 13 | B40: kkk | C40: Ovelhas | D40: Início da lactação | E40: FDN | F40: >= | G40: 30 | I40: 30 | J40: NÃO
A41: 13 | B41: kkk | C41: Ovelhas | D41: Início da lactação | E41: NDT | F41: >= | G41: 53.691275 | I41: 53.691275 | J41: NÃO
A42: 13 | B42: kkk | C42: Ovelhas | D42: Início da lactação | E42: P | F42: >= | G42: 0.25167785 | I42: 0.25167785 | J42: NÃO
A43: 13 | B43: kkk | C43: Ovelhas | D43: Início da lactação | E43: PB | F43: IGUAL (=) | G43: 12.406107 | H43: 12.426107 | I43: 12.416107 | J43: NÃO
A44: 14 | B44: teste reuniao | C44: Ovelhas | D44: Início da lactação | E44: CA | F44: >= | G44: 0.62289562 | I44: 0.62289562 | J44: NÃO
A45: 14 | B45: teste reuniao | C45: Ovelhas | D45: Início da lactação | E45: CA_P | F45: >= | G45: 1.48 | I45: 1.48 | J45: NÃO
A46: 14 | B46: teste reuniao | C46: Ovelhas | D46: Início da lactação | E46: EE | F46: <= | H46: 7 | I46: 7 | J46: NÃO
A47: 14 | B47: teste reuniao | C47: Ovelhas | D47: Início da lactação | E47: FDN | F47: >= | G47: 30 | I47: 30 | J47: NÃO
A48: 14 | B48: teste reuniao | C48: Ovelhas | D48: Início da lactação | E48: NDT | F48: >= | G48: 65.656566 | I48: 65.656566 | J48: NÃO
A49: 14 | B49: teste reuniao | C49: Ovelhas | D49: Início da lactação | E49: P | F49: >= | G49: 0.42087542 | I49: 0.42087542 | J49: NÃO
A50: 14 | B50: teste reuniao | C50: Ovelhas | D50: Início da lactação | E50: PB | F50: IGUAL (=) | G50: 18.676869 | H50: 18.696869 | I50: 18.686869 | J50: NÃO
A51: 16 | B51: teste 1 | C51: Cordeiros(as) 4 meses | D51: Crescimento | E51: CA | F51: >= | G51: 0.25062657 | I51: 0.25062657 | J51: NÃO
A52: 16 | B52: teste 1 | C52: Cordeiros(as) 4 meses | D52: Crescimento | E52: CA_P | F52: IGUAL (=) | G52: 2.99 | H52: 3.01 | I52: 1.0869565 | J52: SIM
A53: 16 | B53: teste 1 | C53: Cordeiros(as) 4 meses | D53: Crescimento | E53: EE | F53: <= | H53: 7 | I53: 7 | J53: NÃO
A54: 16 | B54: teste 1 | C54: Cordeiros(as) 4 meses | D54: Crescimento | E54: FDN | F54: >= | G54: 30 | I54: 30 | J54: NÃO
A55: 16 | B55: teste 1 | C55: Cordeiros(as) 4 meses | D55: Crescimento | E55: NDT | F55: >= | G55: 53.132832 | I55: 53.132832 | J55: NÃO
A56: 16 | B56: teste 1 | C56: Cordeiros(as) 4 meses | D56: Crescimento | E56: P | F56: >= | G56: 0.23057644 | I56: 0.23057644 | J56: NÃO
A57: 16 | B57: teste 1 | C57: Cordeiros(as) 4 meses | D57: Crescimento | E57: PB | F57: IGUAL (=) | G57: 9.6140602 | H57: 9.6340602 | I57: 9.6240602 | J57: NÃO
A58: 17 | B58: teste 2 | C58: Cordeiros(as) 4 meses | D58: Crescimento | E58: CA | F58: >= | G58: 0.62289562 | I58: 0.62289562 | J58: NÃO
A59: 17 | B59: teste 2 | C59: Cordeiros(as) 4 meses | D59: Crescimento | E59: CA_P | F59: >= | G59: 1.48 | I59: 1.48 | J59: NÃO
A60: 17 | B60: teste 2 | C60: Cordeiros(as) 4 meses | D60: Crescimento | E60: EE | F60: <= | H60: 7 | I60: 7 | J60: NÃO
A61: 17 | B61: teste 2 | C61: Cordeiros(as) 4 meses | D61: Crescimento | E61: FDN | F61: >= | G61: 30 | I61: 30 | J61: NÃO
A62: 17 | B62: teste 2 | C62: Cordeiros(as) 4 meses | D62: Crescimento | E62: NDT | F62: >= | G62: 65.656566 | I62: 65.656566 | J62: NÃO
A63: 17 | B63: teste 2 | C63: Cordeiros(as) 4 meses | D63: Crescimento | E63: P | F63: >= | G63: 0.42087542 | I63: 0.42087542 | J63: NÃO
A64: 17 | B64: teste 2 | C64: Cordeiros(as) 4 meses | D64: Crescimento | E64: PB | F64: IGUAL (=) | G64: 18.676869 | H64: 18.696869 | I64: 18.686869 | J64: NÃO
A65: 18 | B65: teste 3 | C65: Cordeiros(as) 4 meses | D65: Crescimento | E65: CA | F65: >= | G65: 0.37262873 | I65: 0.37262873 | J65: NÃO
A66: 18 | B66: teste 3 | C66: Cordeiros(as) 4 meses | D66: Crescimento | E66: CA_P | F66: >= | G66: 1.2790698 | I66: 1.2790698 | J66: NÃO
A67: 18 | B67: teste 3 | C67: Cordeiros(as) 4 meses | D67: Crescimento | E67: EE | F67: <= | H67: 7 | I67: 7 | J67: NÃO
A68: 18 | B68: teste 3 | C68: Cordeiros(as) 4 meses | D68: Crescimento | E68: FDN | F68: >= | G68: 30 | I68: 30 | J68: NÃO
A69: 18 | B69: teste 3 | C69: Cordeiros(as) 4 meses | D69: Crescimento | E69: NDT | F69: >= | G69: 66.395664 | I69: 66.395664 | J69: NÃO
A70: 18 | B70: teste 3 | C70: Cordeiros(as) 4 meses | D70: Crescimento | E70: P | F70: >= | G70: 0.29132791 | I70: 0.29132791 | J70: NÃO
A71: 18 | B71: teste 3 | C71: Cordeiros(as) 4 meses | D71: Crescimento | E71: PB | F71: IGUAL (=) | G71: 11.914119 | H71: 11.934119 | I71: 11.924119 | J71: NÃO
A72: 20 | B72: teste 4 | C72: Cordeiros(as) 4 meses | D72: Crescimento | E72: CA | F72: >= | G72: 0.51764706 | I72: 0.51764706 | J72: NÃO
A73: 20 | B73: teste 4 | C73: Cordeiros(as) 4 meses | D73: Crescimento | E73: CA_P | F73: >= | G73: 1.2941176 | I73: 1.2941176 | J73: NÃO
A74: 20 | B74: teste 4 | C74: Cordeiros(as) 4 meses | D74: Crescimento | E74: EE | F74: <= | H74: 7 | I74: 7 | J74: NÃO
A75: 20 | B75: teste 4 | C75: Cordeiros(as) 4 meses | D75: Crescimento | E75: FDN | F75: >= | G75: 30 | I75: 30 | J75: NÃO
A76: 20 | B76: teste 4 | C76: Cordeiros(as) 4 meses | D76: Crescimento | E76: NDT | F76: >= | G76: 79.215686 | I76: 79.215686 | J76: NÃO
A77: 20 | B77: teste 4 | C77: Cordeiros(as) 4 meses | D77: Crescimento | E77: P | F77: >= | G77: 0.4 | I77: 0.4 | J77: NÃO
A78: 20 | B78: teste 4 | C78: Cordeiros(as) 4 meses | D78: Crescimento | E78: PB | F78: IGUAL (=) | G78: 15.519412 | H78: 15.539412 | I78: 15.529412 | J78: NÃO
A79: 21 | B79: teste 5 | C79: Cordeiros(as) 4 meses | D79: Crescimento | E79: CA | F79: >= | G79: 0.38590604 | I79: 0.38590604 | J79: NÃO
A80: 21 | B80: teste 5 | C80: Cordeiros(as) 4 meses | D80: Crescimento | E80: CA_P | F80: >= | G80: 1.5333333 | I80: 1.5333333 | J80: NÃO
A81: 21 | B81: teste 5 | C81: Cordeiros(as) 4 meses | D81: Crescimento | E81: EE | F81: <= | H81: 7 | I81: 7 | J81: NÃO
A82: 21 | B82: teste 5 | C82: Cordeiros(as) 4 meses | D82: Crescimento | E82: FDN | F82: >= | G82: 30 | I82: 30 | J82: NÃO
A83: 21 | B83: teste 5 | C83: Cordeiros(as) 4 meses | D83: Crescimento | E83: NDT | F83: >= | G83: 53.691275 | I83: 53.691275 | J83: NÃO
A84: 21 | B84: teste 5 | C84: Cordeiros(as) 4 meses | D84: Crescimento | E84: P | F84: >= | G84: 0.25167785 | I84: 0.25167785 | J84: NÃO
A85: 21 | B85: teste 5 | C85: Cordeiros(as) 4 meses | D85: Crescimento | E85: PB | F85: IGUAL (=) | G85: 12.406107 | H85: 12.426107 | I85: 12.416107 | J85: NÃO
A86: 22 | B86: teste 1 v2 | C86: Cordeiros(as) 4 meses | D86: Crescimento | E86: CA | F86: >= | G86: 0.25062657 | I86: 0.25062657 | J86: NÃO
A87: 22 | B87: teste 1 v2 | C87: Cordeiros(as) 4 meses | D87: Crescimento | E87: CA_P | F87: >= | G87: 1.0869565 | I87: 1.0869565 | J87: NÃO
A88: 22 | B88: teste 1 v2 | C88: Cordeiros(as) 4 meses | D88: Crescimento | E88: EE | F88: <= | H88: 7 | I88: 7 | J88: NÃO
A89: 22 | B89: teste 1 v2 | C89: Cordeiros(as) 4 meses | D89: Crescimento | E89: FDN | F89: >= | G89: 30 | I89: 30 | J89: NÃO
A90: 22 | B90: teste 1 v2 | C90: Cordeiros(as) 4 meses | D90: Crescimento | E90: NDT | F90: >= | G90: 53.132832 | I90: 53.132832 | J90: NÃO
A91: 22 | B91: teste 1 v2 | C91: Cordeiros(as) 4 meses | D91: Crescimento | E91: P | F91: >= | G91: 0.23057644 | I91: 0.23057644 | J91: NÃO
A92: 22 | B92: teste 1 v2 | C92: Cordeiros(as) 4 meses | D92: Crescimento | E92: PB | F92: IGUAL (=) | G92: 9.6140602 | H92: 9.6340602 | I92: 9.6240602 | J92: NÃO
A93: 23 | B93: teste 2 v2 | C93: Cordeiros(as) 4 meses | D93: Crescimento | E93: CA | F93: >= | G93: 0.62289562 | I93: 0.62289562 | J93: NÃO
A94: 23 | B94: teste 2 v2 | C94: Cordeiros(as) 4 meses | D94: Crescimento | E94: CA_P | F94: >= | G94: 1.48 | I94: 1.48 | J94: NÃO
A95: 23 | B95: teste 2 v2 | C95: Cordeiros(as) 4 meses | D95: Crescimento | E95: EE | F95: <= | H95: 7 | I95: 7 | J95: NÃO
A96: 23 | B96: teste 2 v2 | C96: Cordeiros(as) 4 meses | D96: Crescimento | E96: FDN | F96: >= | G96: 30 | I96: 30 | J96: NÃO
A97: 23 | B97: teste 2 v2 | C97: Cordeiros(as) 4 meses | D97: Crescimento | E97: NDT | F97: >= | G97: 65.656566 | I97: 65.656566 | J97: NÃO
A98: 23 | B98: teste 2 v2 | C98: Cordeiros(as) 4 meses | D98: Crescimento | E98: P | F98: >= | G98: 0.42087542 | I98: 0.42087542 | J98: NÃO
A99: 23 | B99: teste 2 v2 | C99: Cordeiros(as) 4 meses | D99: Crescimento | E99: PB | F99: IGUAL (=) | G99: 18.676869 | H99: 18.696869 | I99: 18.686869 | J99: NÃO
A100: 24 | B100: teste 3 v2 | C100: Cordeiros(as) 4 meses | D100: Crescimento | E100: CA | F100: >= | G100: 0.37262873 | I100: 0.37262873 | J100: NÃO
...

Sheet Auditoria
A1: Formulação ID | B1: Título | C1: Grupo | D1: Status | E1: Lote | F1: Categoria | G1: Fase | H1: PV (kg) | I1: GMD (kg/dia) | J1: CMS (kg/dia) | K1: Nº ingredientes | L1: Nº travados | M1: Ingrediente removido | N1: Nº requisitos | O1: Modo persistido | P1: Alvo persistido (%) | Q1: Volumoso persistido (%) | R1: Criada em | S1: Alterada em
A2: 11 | B2: teste reuniao | C2: MISTA | D2: ATIVA | E2: leiteiras | F2: Ovelhas | G2: Início da lactação | H2: 20 | I2: 0.2 | J2: 0.594 | K2: 7 | L2: 0 | M2: NÃO | N2: 7 | O2: FIXADO_PELO_USUARIO | P2: 50 | Q2: 39.99383 | R2: 46232.548 | S2: 46232.548
A3: 14 | B3: teste reuniao | C3: MISTA | D3: ATIVA | E3: leiteiras | F3: Ovelhas | G3: Início da lactação | H3: 20 | I3: 0.2 | J3: 0.594 | K3: 6 | L3: 1 | M3: NÃO | N3: 7 | O3: FIXADO_PELO_USUARIO | P3: 50 | Q3: 50 | R3: 46239.58 | S3: 46239.58
A4: 17 | B4: teste 2 | C4: MISTA | D4: ATIVA | E4: lote para testes | F4: Cordeiros(as) 4 meses | G4: Crescimento | H4: 20 | I4: 0.2 | J4: 0.594 | K4: 5 | L4: 3 | M4: NÃO | N4: 7 | O4: FIXADO_PELO_USUARIO | P4: 50 | Q4: 50.012796 | R4: 46246.929 | S4: 46246.929
A5: 28 | B5: teste 5 | C5: MISTA | D5: ATIVA | E5: lote para testes | F5: Cordeiros(as) 4 meses | G5: Crescimento | H5: 20 | I5: 0.2 | J5: 0.594 | K5: 7 | L5: 0 | M5: NÃO | N5: 7 | O5: FIXADO_PELO_USUARIO | P5: 20 | Q5: 20 | R5: 46247.927 | S5: 46247.927
A6: 29 | B6: teste 6 | C6: MISTA | D6: ATIVA | E6: lote para testes | F6: Cordeiros(as) 4 meses | G6: Crescimento | H6: 20 | I6: 0.15 | J6: 0.76 | K6: 7 | L6: 0 | M6: NÃO | N6: 7 | O6: FIXADO_PELO_USUARIO | P6: 25 | Q6: 25 | R6: 46247.932 | S6: 46247.932
A7: 30 | B7: teste 7 | C7: MISTA | D7: ATIVA | E7: lote para testes | F7: Cordeiros(as) 4 meses | G7: Crescimento | H7: 20 | I7: 0.2 | J7: 0.614 | K7: 7 | L7: 0 | M7: NÃO | N7: 7 | O7: FIXADO_PELO_USUARIO | P7: 30 | Q7: 30 | R7: 46247.936 | S7: 46247.936
A8: 31 | B8: teste 8 | C8: MISTA | D8: ATIVA | E8: lote para testes | F8: Cordeiros(as) 4 meses | G8: Crescimento | H8: 50 | I8: 0.028 | J8: 1.6 | K8: 4 | L8: 0 | M8: NÃO | N8: 7 | O8: FIXADO_PELO_USUARIO | P8: 75 | Q8: 75 | R8: 46247.941 | S8: 46247.941
A9: 32 | B9: teste 9 | C9: MISTA | D9: ATIVA | E9: lote para testes | F9: Cordeiros(as) 4 meses | G9: Crescimento | H9: 50 | I9: -0.034 | J9: 1.88 | K9: 6 | L9: 0 | M9: NÃO | N9: 7 | O9: FIXADO_PELO_USUARIO | P9: 60 | Q9: 59.911891 | R9: 46248.593 | S9: 46248.593
A10: 33 | B10: 1_id4 | C10: CONCENTRADO | D10: ATIVA | E10: lote para testes | F10: Cordeiros(as) 4 meses | G10: Crescimento | H10: 20 | I10: 0.2 | J10: 0.594 | K10: 4 | L10: 0 | M10: NÃO | N10: 7 | O10: FIXADO_PELO_USUARIO | P10: 0 | Q10: 0 | R10: 46248.6 | S10: 46248.6
A11: 34 | B11: 2_id4 | C11: CONCENTRADO | D11: ATIVA | E11: lote para testes | F11: Cordeiros(as) 4 meses | G11: Crescimento | H11: 20 | I11: 0.2 | J11: 0.594 | K11: 4 | L11: 0 | M11: NÃO | N11: 7 | O11: FIXADO_PELO_USUARIO | P11: 0 | Q11: 0 | R11: 46248.605 | S11: 46248.605
A12: 35 | B12: 6_id6 | C12: CONCENTRADO | D12: ATIVA | E12: lote para testes | F12: Cordeiros(as) 4 meses | G12: Crescimento | H12: 20 | I12: 0.3 | J12: 0.608 | K12: 4 | L12: 0 | M12: NÃO | N12: 7 | O12: FIXADO_PELO_USUARIO | P12: 0 | Q12: 0 | R12: 46248.609 | S12: 46248.609
A13: 36 | B13: 7_id6 | C13: CONCENTRADO | D13: ATIVA | E13: lote para testes | F13: Cordeiros(as) 4 meses | G13: Crescimento | H13: 20 | I13: 0.3 | J13: 0.608 | K13: 4 | L13: 0 | M13: NÃO | N13: 7 | O13: FIXADO_PELO_USUARIO | P13: 0 | Q13: 0 | R13: 46248.612 | S13: 46248.612
... A33: 59 | B33: 16_id11 v3 | C33: CONCENTRADO | D33: ATIVA | E33: lote para testes | F33: Cordeiros(as) 4 meses | G33: Crescimento | H33: 30 | I33: 0.25 | J33: 1.074 | K33: 4 | L33: 0 | M33: NÃO | N33: 7 | O33: FIXADO_PELO_USUARIO | P33: 0 | Q33: 0 | R33: 46249.999 | S33: 46249.999
A34: 60 | B34: 116_id70 v3 | C34: CONCENTRADO | D34: ATIVA | E34: lote para testes | F34: Cordeiros(as) 4 meses | G34: Crescimento | H34: 80 | I34: 0.5 | J34: 2.56 | K34: 8 | L34: 0 | M34: NÃO | N34: 7 | O34: OTIMIZADO_PELO_SISTEMA | Q34: 0 | R34: 46250.002 | S34: 46250.002
A35: 61 | B35: 115_id64 | C35: CONCENTRADO | D35: ATIVA | E35: lote para testes | F35: Cordeiros(as) 4 meses | G35: Crescimento | H35: 70 | I35: 0.4 | J35: 2.107 | K35: 8 | L35: 0 | M35: NÃO | N35: 7 | O35: OTIMIZADO_PELO_SISTEMA | Q35: 0 | R35: 46250.01 | S35: 46250.01
A36: 62 | B36: 114_id63 | C36: CONCENTRADO | D36: ATIVA | E36: lote para testes | F36: Cordeiros(as) 4 meses | G36: Crescimento | H36: 70 | I36: 0.3 | J36: 2.758 | K36: 8 | L36: 0 | M36: NÃO | N36: 7 | O36: OTIMIZADO_PELO_SISTEMA | Q36: 0 | R36: 46250.016 | S36: 46250.016
A37: 63 | B37: 113_id58 | C37: CONCENTRADO | D37: ATIVA | E37: lote para testes | F37: Cordeiros(as) 4 meses | G37: Crescimento | H37: 60 | I37: 0.4 | J37: 2.016 | K37: 8 | L37: 0 | M37: NÃO | N37: 7 | O37: OTIMIZADO_PELO_SISTEMA | Q37: 0 | R37: 46250.021 | S37: 46250.021
A38: 64 | B38: 112_id57 | C38: CONCENTRADO | D38: ATIVA | E38: lote para testes | F38: Cordeiros(as) 4 meses | G38: Crescimento | H38: 60 | I38: 0.3 | J38: 1.656 | K38: 8 | L38: 0 | M38: NÃO | N38: 7 | O38: OTIMIZADO_PELO_SISTEMA | Q38: 0 | R38: 46250.025 | S38: 46250.025
A39: 65 | B39: 111_id53 | C39: CONCENTRADO | D39: ATIVA | E39: lote para testes | F39: Cordeiros(as) 4 meses | G39: Crescimento | H39: 50 | I39: 0.4 | J39: 1.925 | K39: 8 | L39: 0 | M39: NÃO | N39: 7 | O39: OTIMIZADO_PELO_SISTEMA | Q39: 0 | R39: 46250.03 | S39: 46250.03
A40: 66 | B40: 110_id52 | C40: CONCENTRADO | D40: ATIVA | E40: lote para testes | F40: Cordeiros(as) 4 meses | G40: Crescimento | H40: 50 | I40: 0.3 | J40: 1.565 | K40: 8 | L40: 0 | M40: NÃO | N40: 7 | O40: OTIMIZADO_PELO_SISTEMA | Q40: 0 | R40: 46250.084 | S40: 46250.084
A41: 67 | B41: 105_id26 | C41: CONCENTRADO | D41: ATIVA | E41: lote para testes | F41: Cordeiros(as) 4 meses | G41: Crescimento | H41: 60 | I41: 0.4 | J41: 2.082 | K41: 8 | L41: 0 | M41: NÃO | N41: 7 | O41: FIXADO_PELO_USUARIO | P41: 0 | Q41: 0 | R41: 46250.09 | S41: 46250.09
A42: 68 | B42: 104_id17 | C42: CONCENTRADO | D42: ATIVA | E42: lote para testes | F42: Cordeiros(as) 4 meses | G42: Crescimento | H42: 40 | I42: 0.4 | J42: 1.164 | K42: 8 | L42: 0 | M42: NÃO | N42: 7 | O42: FIXADO_PELO_USUARIO | P42: 0 | Q42: 0 | R42: 46250.093 | S42: 46250.093
A43: 69 | B43: 101_id12 | C43: CONCENTRADO | D43: ATIVA | E43: lote para testes | F43: Cordeiros(as) 4 meses | G43: Crescimento | H43: 30 | I43: 0.3 | J43: 0.879 | K43: 8 | L43: 0 | M43: NÃO | N43: 7 | O43: FIXADO_PELO_USUARIO | P43: 0 | Q43: 0 | R43: 46250.095 | S43: 46250.095
A44: 70 | B44: 98_id6 | C44: CONCENTRADO | D44: ATIVA | E44: lote para testes | F44: Cordeiros(as) 4 meses | G44: Crescimento | H44: 20 | I44: 0.3 | J44: 0.608 | K44: 8 | L44: 0 | M44: NÃO | N44: 7 | O44: FIXADO_PELO_USUARIO | P44: 0 | Q44: 0 | R44: 46250.097 | S44: 46250.097
A45: 71 | B45: 97_id4 | C45: CONCENTRADO | D45: ATIVA | E45: lote para testes | F45: Cordeiros(as) 4 meses | G45: Crescimento | H45: 20 | I45: 0.2 | J45: 0.594 | K45: 8 | L45: 0 | M45: NÃO | N45: 7 | O45: FIXADO_PELO_USUARIO | P45: 0 | Q45: 0 | R45: 46250.1 | S45: 46250.1
A46: 72 | B46: 20_id12 | C46: CONCENTRADO | D46: ATIVA | E46: lote para testes | F46: Cordeiros(as) 4 meses | G46: Crescimento | H46: 30 | I46: 0.3 | J46: 0.879 | K46: 4 | L46: 0 | M46: NÃO | N46: 7 | O46: FIXADO_PELO_USUARIO | P46: 0 | Q46: 0 | R46: 46250.862 | S46: 46250.862
A47: 73 | B47: 25_id1 | C47: CONCENTRADO | D47: ATIVA | E47: lote para testes | F47: Cordeiros(as) 4 meses | G47: Crescimento | H47: 40 | I47: 0.25 | J47: 1.324 | K47: 4 | L47: 0 | M47: NÃO | N47: 7 | O47: FIXADO_PELO_USUARIO | P47: 0 | Q47: 0 | R47: 46250.868 | S47: 46250.868
A48: 75 | B48: 54_id46 | C48: CONCENTRADO | D48: ATIVA | E48: lote para testes | F48: Cordeiros(as) 4 meses | G48: Crescimento | H48: 30 | I48: 0.4 | J48: 1.275 | K48: 4 | L48: 0 | M48: NÃO | N48: 7 | O48: FIXADO_PELO_USUARIO | P48: 0 | Q48: 0 | R48: 46250.918 | S48: 46250.918
A49: 76 | B49: 50_id44 | C49: CONCENTRADO | D49: ATIVA | E49: lote para testes | F49: Cordeiros(as) 4 meses | G49: Crescimento | H49: 30 | I49: 0.25 | J49: 0.951 | K49: 4 | L49: 0 | M49: NÃO | N49: 7 | O49: FIXADO_PELO_USUARIO | P49: 0 | Q49: 0 | R49: 46250.923 | S49: 46250.923
A50: 77 | B50: 45_id43 | C50: CONCENTRADO | D50: ATIVA | E50: lote para testes | F50: Cordeiros(as) 4 meses | G50: Crescimento | H50: 30 | I50: 0.2 | J50: 1.029 | K50: 4 | L50: 0 | M50: NÃO | N50: 7 | O50: OTIMIZADO_PELO_SISTEMA | Q50: 0 | R50: 46250.926 | S50: 46250.926
A51: 78 | B51: 40_id26 | C51: CONCENTRADO | D51: ATIVA | E51: lote para testes | F51: Cordeiros(as) 4 meses | G51: Crescimento | H51: 60 | I51: 0.4 | J51: 2.082 | K51: 4 | L51: 0 | M51: NÃO | N51: 7 | O51: FIXADO_PELO_USUARIO | P51: 0 | Q51: 0 | R51: 46250.93 | S51: 46250.93
A52: 79 | B52: 35_id17 | C52: CONCENTRADO | D52: ATIVA | E52: lote para testes | F52: Cordeiros(as) 4 meses | G52: Crescimento | H52: 40 | I52: 0.4 | J52: 1.164 | K52: 4 | L52: 0 | M52: NÃO | N52: 7 | O52: FIXADO_PELO_USUARIO | P52: 0 | Q52: 0 | R52: 46250.934 | S52: 46250.934
A53: 80 | B53: 30_id16 | C53: CONCENTRADO | D53: ATIVA | E53: lote para testes | F53: Cordeiros(as) 4 meses | G53: Crescimento | H53: 40 | I53: 0.3 | J53: 1.536 | K53: 4 | L53: 0 | M53: NÃO | N53: 7 | O53: FIXADO_PELO_USUARIO | P53: 0 | Q53: 0 | R53: 46250.957 | S53: 46250.957
A54: 82 | B54: 98_id6 v2 | C54: CONCENTRADO | D54: ATIVA | E54: lote para testes | F54: Cordeiros(as) 4 meses | G54: Crescimento | H54: 20 | I54: 0.3 | J54: 0.608 | K54: 8 | L54: 0 | M54: NÃO | N54: 7 | O54: FIXADO_PELO_USUARIO | P54: 0 | Q54: 0 | R54: 46251.04 | S54: 46251.04
A55: 83 | B55: 58_id48 | C55: CONCENTRADO | D55: ATIVA | E55: lote para testes | F55: Cordeiros(as) 4 meses | G55: Crescimento | H55: 40 | I55: 0.3 | J55: 1.552 | K55: 4 | L55: 0 | M55: NÃO | N55: 7 | O55: FIXADO_PELO_USUARIO | P55: 0 | Q55: 0 | R55: 46251.963 | S55: 46251.963
A56: 84 | B56: atz75 | C56: MISTA | D56: ATIVA | E56: lote para testes | F56: Cordeiros(as) 4 meses | G56: Crescimento | H56: 20 | I56: 0.2 | J56: 0.594 | K56: 5 | L56: 0 | M56: NÃO | N56: 7 | O56: OTIMIZADO_PELO_SISTEMA | Q56: 37.945252 | R56: 46251.984 | S56: 46251.984
A57: 85 | B57: zoot25-1 | C57: MISTA | D57: ATIVA | E57: lote para testes | F57: Cordeiros(as) 4 meses | G57: Crescimento | H57: 20 | I57: 0.2 | J57: 0.594 | K57: 4 | L57: 0 | M57: NÃO | N57: 7 | O57: OTIMIZADO_PELO_SISTEMA | Q57: 37.945252 | R57: 46251.988 | S57: 46251.988
A58: 86 | B58: aula dieta total | C58: MISTA | D58: ATIVA | E58: lote para testes | F58: Cordeiros(as) 4 meses | G58: Crescimento | H58: 20 | I58: 0.2 | J58: 0.594 | K58: 4 | L58: 0 | M58: NÃO | N58: 7 | O58: OTIMIZADO_PELO_SISTEMA | Q58: 37.945042 | R58: 46251.992 | S58: 46251.992
A59: 87 | B59: atz1 | C59: MISTA | D59: ATIVA | E59: lote para testes | F59: Cordeiros(as) 4 meses | G59: Crescimento | H59: 20 | I59: 0.2 | J59: 0.594 | K59: 5 | L59: 1 | M59: NÃO | N59: 7 | O59: OTIMIZADO_PELO_SISTEMA | Q59: 38.289899 | R59: 46251.995 | S59: 46251.995
A60: 88 | B60: ovino 2 24-42 | C60: MISTA | D60: ATIVA | E60: lote para testes | F60: Cordeiros(as) 4 meses | G60: Crescimento | H60: 20 | I60: 0.1 | J60: 0.596 | K60: 7 | L60: 0 | M60: NÃO | N60: 7 | O60: OTIMIZADO_PELO_SISTEMA | Q60: 79.754348 | R60: 46252.02 | S60: 46252.02
A61: 89 | B61: zoot38 | C61: MISTA | D61: ATIVA | E61: lote para testes | F61: Cordeiros(as) 4 meses | G61: Crescimento | H61: 20 | I61: 0.2 | J61: 0.594 | K61: 5 | L61: 0 | M61: NÃO | N61: 7 | O61: OTIMIZADO_PELO_SISTEMA | Q61: 37.948644 | R61: 46252.024 | S61: 46252.024
A62: 90 | B62: ovelhas inicio lac arroz farelo | C62: CONCENTRADO | D62: ATIVA | E62: lote para testes | F62: Cordeiros(as) 4 meses | G62: Crescimento | H62: 60 | I62: -0.029 | J62: 1.806 | K62: 5 | L62: 0 | M62: NÃO | N62: 7 | O62: OTIMIZADO_PELO_SISTEMA | Q62: 0 | R62: 46252.027 | S62: 46252.027
A63: 91 | B63: ppi volumoso | C63: MISTA | D63: ATIVA | E63: lote para testes | F63: Cordeiros(as) 4 meses | G63: Crescimento | H63: 20 | I63: 0.2 | J63: 0.594 | K63: 5 | L63: 1 | M63: NÃO | N63: 7 | O63: OTIMIZADO_PELO_SISTEMA | Q63: 47.025 | R63: 46253.013 | S63: 46253.013
A64: 92 | B64: pp1 alto concentrado | C64: MISTA | D64: ATIVA | E64: lote para testes | F64: Cordeiros(as) 4 meses | G64: Crescimento | H64: 20 | I64: 0.2 | J64: 0.594 | K64: 6 | L64: 0 | M64: NÃO | N64: 7 | O64: OTIMIZADO_PELO_SISTEMA | Q64: 37.125 | R64: 46253.019 | S64: 46253.019
A65: 93 | B65: milho e soja | C65: CONCENTRADO | D65: ATIVA | E65: lote para testes | F65: Cordeiros(as) 4 meses | G65: Crescimento | H65: 20 | I65: 0.2 | J65: 0.594 | K65: 4 | L65: 0 | M65: NÃO | N65: 7 | O65: OTIMIZADO_PELO_SISTEMA | Q65: 0 | R65: 46253.035 | S65: 46253.035
A66: 94 | B66: ovelha g tardia | C66: CONCENTRADO | D66: ATIVA | E66: lote para testes | F66: Cordeiros(as) 4 meses | G66: Crescimento | H66: 70 | I66: 0.181 | J66: 1.827 | K66: 4 | L66: 0 | M66: NÃO | N66: 7 | O66: OTIMIZADO_PELO_SISTEMA | Q66: 0 | R66: 46253.044 | S66: 46253.044
A67: 95 | B67: ovelha ini lactação | C67: CONCENTRADO | D67: ATIVA | E67: lote para testes | F67: Cordeiros(as) 4 meses | G67: Crescimento | H67: 70 | I67: -0.031 | J67: 1.981 | K67: 4 | L67: 0 | M67: NÃO | N67: 7 | O67: FIXADO_PELO_USUARIO | P67: 0 | Q67: 0 | R67: 46253.056 | S67: 46253.056
A68: 97 | B68: creep feedinf farelo de arroz | D68: ATIVA | E68: lote para testes | F68: Cordeiros(as) 4 meses | G68: Crescimento | H68: 20 | I68: 0.2 | J68: 0.594 | K68: 5 | L68: 0 | M68: NÃO | N68: 7 | O68: OTIMIZADO_PELO_SISTEMA | Q68: 0 | R68: 46253.064 | S68: 46253.064
A69: 98 | B69: creep feeding s/ trigo | C69: CONCENTRADO | D69: ATIVA | E69: lote para testes | F69: Cordeiros(as) 4 meses | G69: Crescimento | H69: 20 | I69: 0.2 | J69: 0.594 | K69: 4 | L69: 0 | M69: NÃO | N69: 7 | O69: OTIMIZADO_PELO_SISTEMA | Q69: 0 | R69: 46253.068 | S69: 46253.068
A70: 99 | B70: reuniao teste | C70: MISTA | D70: ATIVA | E70: lote para testes | F70: Cordeiros(as) 4 meses | G70: Crescimento | H70: 20 | I70: 0.2 | J70: 0.594 | K70: 5 | L70: 0 | M70: NÃO | N70: 7 | O70: OTIMIZADO_PELO_SISTEMA | Q70: 47.5 | R70: 46253.565 | S70: 46253.565
A71: 100 | B71: palestra | C71: MISTA | D71: ATIVA | E71: lote para testes | F71: Cordeiros(as) 4 meses | G71: Crescimento | H71: 20 | I71: 0.2 | J71: 0.594 | K71: 5 | L71: 0 | M71: NÃO | N71: 7 | O71: OTIMIZADO_PELO_SISTEMA | Q71: 47.5 | R71: 46260.541 | S71: 46260.541
A72: 101 | B72: 1_id4 | C72: CONCENTRADO | D72: ATIVA | E72: lote para testes | F72: Cordeiros(as) 4 meses | G72: Crescimento | H72: 20 | I72: 0.2 | J72: 0.594 | K72: 4 | L72: 0 | M72: NÃO | N72: 7 | O72: OTIMIZADO_PELO_SISTEMA | Q72: 0 | R72: 46260.923 | S72: 46260.923
A73: 102 | B73: 16_id11 | C73: CONCENTRADO | D73: ATIVA | E73: lote para testes | F73: Cordeiros(as) 4 meses | G73: Crescimento | H73: 30 | I73: 0.25 | J73: 1.074 | K73: 4 | L73: 0 | M73: NÃO | N73: 7 | O73: OTIMIZADO_PELO_SISTEMA | Q73: 0 | R73: 46260.925 | S73: 46260.925
A74: 103 | B74: 2 24-2 | C74: CONCENTRADO | D74: ATIVA | E74: lote para testes | F74: Cordeiros(as) 4 meses | G74: Crescimento | H74: 60 | I74: -0.029 | J74: 1.806 | K74: 5 | L74: 0 | M74: NÃO | N74: 7 | O74: OTIMIZADO_PELO_SISTEMA | Q74: 0 | R74: 46260.951 | S74: 46260.951
